time,chlorophyll,enso_event,sst,direction,speed,buoy_id,year,month,day,upwelling
2004-01-16T12:00:00Z,1.0149286,Neutral,12.375,132.4264073825,4.683922518,M1,2004,1,16,0
2004-02-15T12:00:00Z,46.43133,Neutral,11.897142,221.472900894,5.6733333326,M1,2004,2,15,0
2004-03-16T12:00:00Z,16.278376,Neutral,12.816666,319.915875875,4.99902519675,M1,2004,3,16,1
2004-04-16T00:00:00Z,8.413933,Neutral,12.076875,298.595200475,4.83690191925,M1,2004,4,16,1
2004-05-16T12:00:00Z,7.4053683,Neutral,12.004063,298.43170856,6.351605429,M1,2004,5,16,1
2004-06-16T00:00:00Z,11.259228,Neutral,12.151316,288.341923675,6.2020223565,M1,2004,6,16,1
2004-07-16T12:00:00Z,7.0364,Neutral,13.914375,273.684072375,4.5638221895,M1,2004,7,16,0
2004-08-16T12:00:00Z,2.7790911,Neutral,14.859645,292.03614002,4.326267043,M1,2004,8,16,1
2004-09-16T00:00:00Z,8.3810005,Neutral,14.912646,306.55946105,4.3396907845,M1,2004,9,16,1
2004-10-16T12:00:00Z,8.783473,Neutral,14.62,234.342955398,4.7146271674,M1,2004,10,16,0
2004-11-16T00:00:00Z,6.758955,Neutral,14.455556,81.26818149225,4.7177988407499996,M1,2004,11,16,0
2004-12-16T12:00:00Z,1.7027895,Neutral,13.173077,106.60220842,5.9993228575,M1,2004,12,16,0
2005-01-16T12:00:00Z,1.1045,Neutral,13.494092,91.233250764,5.2879600788,M1,2005,1,16,0
2005-02-15T00:00:00Z,1.0282727,Neutral,13.516427,85.3899753725,5.40248123,M1,2005,2,15,0
2005-03-16T12:00:00Z,1.9082502,Neutral,14.305715,285.032650175,5.49047815525,M1,2005,3,16,1
2005-04-16T00:00:00Z,12.29461,Neutral,12.416667,304.8339409,6.20482542875,M1,2005,4,16,1
2005-05-16T12:00:00Z,14.193855,Neutral,13.585001,299.37413806,5.581182733,M1,2005,5,16,1
2005-06-16T00:00:00Z,14.718051,Neutral,12.651999,291.49067625,5.2133488645,M1,2005,6,16,1
2005-07-16T12:00:00Z,5.624,Neutral,13.506666,293.5728943,4.2045626216,M1,2005,7,16,1
2005-08-16T12:00:00Z,10.5130005,Neutral,15.065834,292.3844091,3.88785184725,M1,2005,8,16,0
2005-09-16T00:00:00Z,16.705723,Neutral,14.004584,309.680519325,4.63615395225,M1,2005,9,16,1
2005-10-16T12:00:00Z,14.561443,Neutral,13.329642,323.37258764,4.4801960594,M1,2005,10,16,1
2005-11-16T00:00:00Z,19.395,Neutral,13.368846,128.73004600025,4.61877956325,M1,2005,11,16,0
2005-12-16T12:00:00Z,4.5631,Neutral,12.209445,108.95056723,4.9258224235,M1,2005,12,16,0
2006-01-16T12:00:00Z,7.8875394,Neutral,12.677778,97.0945625522,4.7236664688,M1,2006,1,16,0
2006-02-15T00:00:00Z,3.8004663,Neutral,12.049583,153.20993266,5.36950676425,M1,2006,2,15,0
2006-03-16T12:00:00Z,1.5226364,Neutral,11.905001,230.810028825,5.93677872425,M1,2006,3,16,0
2006-04-16T00:00:00Z,2.0398,Neutral,12.7699995,251.36441248,5.5554686208,M1,2006,4,16,0
2006-05-16T12:00:00Z,12.0288105,Neutral,12.600937,307.756844725,6.04249600675,M1,2006,5,16,1
2006-06-16T00:00:00Z,56.136814,Neutral,12.955,295.633535425,5.1408031335,M1,2006,6,16,1
2006-07-16T12:00:00Z,18.522923,Neutral,14.933332,297.82918356,4.8299346902,M1,2006,7,16,1
2006-08-16T12:00:00Z,57.2782,Neutral,15.74,294.749566575,4.12040654125,M1,2006,8,16,1
2006-09-16T00:00:00Z,20.591,Neutral,14.4845,306.0967398,4.05935225875,M1,2006,9,16,1
2006-10-16T12:00:00Z,3.853,Neutral,15.3775,244.9610535268,3.8384401906,M1,2006,10,16,0
2006-11-16T00:00:00Z,4.9679413,Neutral,14.160714,261.451398945,5.049676179,M1,2006,11,16,0
2006-12-16T12:00:00Z,1.8033572,Neutral,12.747272,115.703166512,5.2687934448,M1,2006,12,16,0
2007-01-16T12:00:00Z,1.0471429,El Nino,11.418948,20.2791807595,4.9637991535,M1,2007,1,16,0
2007-02-15T00:00:00Z,1.1015384,El Nino,12.247778,261.11152405,5.98765876425,M1,2007,2,15,0
2007-03-16T12:00:00Z,34.28225,La Nina,11.527727,315.2366997,5.228806057,M1,2007,3,16,1
2007-04-16T00:00:00Z,4.0678573,La Nina,10.655,308.9450364,6.5581766562,M1,2007,4,16,1
2007-05-16T12:00:00Z,38.182125,La Nina,10.855834,294.17696185,5.68389470825,M1,2007,5,16,1
2007-06-16T00:00:00Z,10.476213,La Nina,12.107501,298.470942475,6.3827086885,M1,2007,6,16,1
2007-07-16T12:00:00Z,4.5114546,La Nina,13.786501,288.26926372,5.3007240252,M1,2007,7,16,1
2007-08-16T12:00:00Z,8.168734,La Nina,14.004168,298.640863275,5.039306548,M1,2007,8,16,1
2007-09-16T00:00:00Z,6.0408187,La Nina,15.2617655,312.48820666,4.8192440148,M1,2007,9,16,1
2007-10-16T12:00:00Z,17.757591,La Nina,13.725999,333.744747175,4.4007827255,M1,2007,10,16,0
2007-11-16T00:00:00Z,14.940249,La Nina,12.936817,120.8301290275,4.12921169225,M1,2007,11,16,0
2007-12-16T12:00:00Z,15.578845,La Nina,11.4180765,47.4977811918,5.7615425354,M1,2007,12,16,0
2008-01-16T12:00:00Z,1.5752224,La Nina,11.632857,136.865064665,5.57148855,M1,2008,1,16,0
2008-02-15T12:00:00Z,2.4519289,La Nina,11.164999,317.599044175,5.4293984835,M1,2008,2,15,1
2008-03-16T12:00:00Z,26.753685,La Nina,11.158,326.4920334,6.0303519272,M1,2008,3,16,1
2008-04-16T00:00:00Z,27.50925,La Nina,10.484706,321.79017455,6.73761915225,M1,2008,4,16,1
2008-05-16T12:00:00Z,2.5077145,La Nina,11.1235,299.54988105,5.7341627205,M1,2008,5,16,1
2008-06-16T00:00:00Z,2.6234999,La Nina,11.635666,306.37145212,6.4996065418,M1,2008,6,16,1
2008-07-16T12:00:00Z,16.0666,La Nina,14.175999,298.26806485,5.38407038225,M1,2008,7,16,1
2008-08-16T12:00:00Z,9.725555,La Nina,14.125555,303.55964824,4.5719194314,M1,2008,8,16,1
2008-09-16T00:00:00Z,5.173177,La Nina,15.714617,297.88279405,3.82847383875,M1,2008,9,16,0
2008-10-16T12:00:00Z,4.752529,La Nina,14.322859,321.225106875,5.24911631675,M1,2008,10,16,1
2008-11-16T00:00:00Z,2.840941,La Nina,13.158334,150.9630637902,4.5635596988,M1,2008,11,16,0
2008-12-16T12:00:00Z,0.98331255,La Nina,12.539499,111.51079129,5.299464999,M1,2008,12,16,0
2009-01-16T12:00:00Z,1.5490474,Neutral,11.897353,149.4218015475,4.71679509875,M1,2009,1,16,0
2009-02-15T00:00:00Z,6.6688175,Neutral,12.115833,182.086311175,5.4970492575,M1,2009,2,15,0
2009-03-16T12:00:00Z,4.288056,Neutral,11.367856,289.72586816,6.8637410564,M1,2009,3,16,1
2009-04-16T00:00:00Z,9.750905,Neutral,10.394,279.460828075,6.322903893,M1,2009,4,16,0
2009-05-16T12:00:00Z,4.0281,Neutral,11.784444,283.39185932,5.8472422306,M1,2009,5,16,1
2009-06-16T00:00:00Z,2.860889,Neutral,14.0595,266.4635166,4.8049515115,M1,2009,6,16,0
2009-07-16T12:00:00Z,1.127625,Neutral,13.764501,301.506448375,5.56424683525,M1,2009,7,16,1
2009-08-16T12:00:00Z,3.27483,Neutral,14.568637,298.78287816,4.4527446054,M1,2009,8,16,1
2009-09-16T00:00:00Z,9.91522,Neutral,13.650999,300.951851725,4.56232160325,M1,2009,9,16,1
2009-10-16T12:00:00Z,4.595583,Neutral,13.867143,301.54384335,5.3996849315,M1,2009,10,16,1
2009-11-16T00:00:00Z,24.042181,Neutral,12.864333,14.2744986364,4.7398257832,M1,2009,11,16,0
2009-12-16T12:00:00Z,4.3672,Neutral,12.336666,84.746941725,4.95619814775,M1,2009,12,16,0
2010-01-16T12:00:00Z,1.0908571,El Nino,12.661428,126.8111459,5.4360881784,M1,2010,1,16,0
2010-02-15T00:00:00Z,0.793909,El Nino,12.900625,290.9623196,4.99107365675,M1,2010,2,15,1
2010-03-16T12:00:00Z,14.201799,El Nino,12.923888,241.48591444525,5.62571565275,M1,2010,3,16,0
2010-04-16T00:00:00Z,27.801203,El Nino,12.2825,311.42663065,6.4399049925,M1,2010,4,16,1
2010-05-16T12:00:00Z,37.130737,La Nina,11.25909,311.60752942,6.0970210952,M1,2010,5,16,1
2010-06-16T00:00:00Z,2.6318824,La Nina,11.778236,313.291671825,6.44378623975,M1,2010,6,16,1
2010-07-16T12:00:00Z,1.00425,La Nina,13.064999,290.882587425,3.98272681875,M1,2010,7,16,0
2010-08-16T12:00:00Z,2.5056665,La Nina,14.180499,312.52373322,4.3134679146,M1,2010,8,16,1
2010-09-16T00:00:00Z,5.195842,La Nina,14.055,316.08539425,4.4172685345,M1,2010,9,16,1
2010-10-16T12:00:00Z,0.8269167,La Nina,13.895999,283.84794684,4.0974361076,M1,2010,10,16,1
2010-11-16T00:00:00Z,2.544,La Nina,13.305001,243.5762798675,4.935457231,M1,2010,11,16,0
2010-12-16T12:00:00Z,1.1891,La Nina,12.225,100.4725085675,5.3834643075,M1,2010,12,16,0
2011-01-16T12:00:00Z,7.624824,La Nina,12.195356,173.108665278,4.8363682292,M1,2011,1,16,0
2011-02-15T00:00:00Z,1.8812997,La Nina,12.289999,170.51969712975,5.89157740475,M1,2011,2,15,0
2011-03-16T12:00:00Z,0.6484,La Nina,12.114166,266.934080625,6.01331264375,M1,2011,3,16,0
2011-04-16T00:00:00Z,1.1126666,La Nina,12.025001,310.25887655,6.40327231775,M1,2011,4,16,1
2011-05-16T12:00:00Z,0.29868752,La Nina,11.295938,284.89986096,6.449597769,M1,2011,5,16,1
2011-06-16T00:00:00Z,3.875286,La Nina,12.791154,300.2463517,5.98912770925,M1,2011,6,16,1
2011-07-16T12:00:00Z,4.3988,La Nina,13.4295845,284.98222574,4.4307958804,M1,2011,7,16,1
2011-08-16T12:00:00Z,17.549334,La Nina,13.815001,295.7813321,4.38205810125,M1,2011,8,16,1
2011-09-16T00:00:00Z,2.6571002,La Nina,NA,292.786308,4.22921370825,M1,2011,9,16,1
2011-10-16T12:00:00Z,1.7559412,La Nina,NA,318.86125646,4.2371112962,M1,2011,10,16,1
2011-11-16T00:00:00Z,0.56462497,La Nina,13.364499,216.060561865,4.947455705,M1,2011,11,16,0
2011-12-16T12:00:00Z,0.5218261,La Nina,NA,46.621266435,4.404543979,M1,2011,12,16,0
2012-01-16T12:00:00Z,0.60207146,La Nina,12.0025,91.7190663704,4.9155654542,M1,2012,1,16,0
2012-02-15T12:00:00Z,1.034875,La Nina,11.828635,261.29754595000003,5.79150257725,M1,2012,2,15,0
2012-03-16T12:00:00Z,1.5385555,La Nina,10.819284,254.45858225,5.87982081625,M1,2012,3,16,0
2012-04-16T00:00:00Z,0.7479167,La Nina,11.344667,279.084295575,6.42423754675,M1,2012,4,16,0
2012-05-16T12:00:00Z,2.61,La Nina,10.819499,303.5020507,6.4498374285,M1,2012,5,16,1
2012-06-16T00:00:00Z,13.168421,La Nina,11.962777,298.407711675,5.6074036575,M1,2012,6,16,1
2012-07-16T12:00:00Z,8.098454,El Nino,13.197499,292.26983784,4.955440891,M1,2012,7,16,1
2012-08-16T12:00:00Z,3.9995558,La Nina,13.600454,NA,NA,M1,2012,8,16,NA
2012-09-16T00:00:00Z,4.78575,La Nina,13.53889,305.447249325,4.66487466125,M1,2012,9,16,1
2012-10-16T12:00:00Z,1.5903332,La Nina,14.575334,322.37345375,4.33669602575,M1,2012,10,16,1
2012-11-16T00:00:00Z,0.5956,La Nina,14.642186,172.35110521,5.204503125,M1,2012,11,16,0
2012-12-16T12:00:00Z,0.41281816,La Nina,13.745001,260.6167876,5.0892885835,M1,2012,12,16,0
2013-01-16T12:00:00Z,11.58305,Neutral,11.983334,NA,NA,M1,2013,1,16,NA
2013-02-15T00:00:00Z,1.4742857,Neutral,11.478825,NA,NA,M1,2013,2,15,NA
2013-03-16T12:00:00Z,3.5680768,Neutral,11.649999,157.5125194695,5.236023085,M1,2013,3,16,0
2013-04-16T00:00:00Z,4.193473,Neutral,10.869445,308.141877775,6.30662959925,M1,2013,4,16,1
2013-05-16T12:00:00Z,2.5241578,Neutral,11.844232,299.692254075,7.05493522875,M1,2013,5,16,1
2013-06-16T00:00:00Z,11.371785,Neutral,12.537083,285.9401257,5.2001533946,M1,2013,6,16,1
2013-07-16T12:00:00Z,1.212,Neutral,14.099001,277.19472285,3.51042093725,M1,2013,7,16,0
2013-08-16T12:00:00Z,5.4264,Neutral,15.024375,NA,NA,M1,2013,8,16,NA
2013-09-16T00:00:00Z,16.1673,Neutral,14.190276,290.313329133333,5.27512423733333,M1,2013,9,16,1
2013-10-16T12:00:00Z,24.921125,Neutral,13.626875,299.543275675,4.21034391525,M1,2013,10,16,1
2013-11-16T00:00:00Z,3.881647,Neutral,13.348463,167.66153575,4.49940580275,M1,2013,11,16,0
2013-12-16T12:00:00Z,1.0433334,Neutral,NA,217.028604616,4.9304138416,M1,2013,12,16,0
2014-01-16T12:00:00Z,0.87466675,Neutral,3.494,167.96105196,4.4254711395,M1,2014,1,16,0
2014-02-15T00:00:00Z,0.9810834,Neutral,12.48225,191.792309671,5.37015610275,M1,2014,2,15,0
2014-03-16T12:00:00Z,4.8292665,Neutral,13.27875,261.9970981,4.3841566966,M1,2014,3,16,0
2014-04-16T00:00:00Z,15.41925,Neutral,13.143126,290.603734975,4.898008565,M1,2014,4,16,1
2014-05-16T12:00:00Z,19.5012,Neutral,12.145453,286.378631875,6.04584526475,M1,2014,5,16,1
2014-06-16T00:00:00Z,7.7632146,Neutral,13.274615,264.61397602,4.7584318306,M1,2014,6,16,0
2014-07-16T00:00:00Z,0.9001802,Neutral,15.545,284.347289325,3.771441585,M1,2014,7,16,0
2014-08-16T00:00:00Z,2.0559654,Neutral,17.6395,286.55427402,3.7330604002,M1,2014,8,16,0
2014-09-16T00:00:00Z,1.4531845,Neutral,17.097187,331.234123525,4.10406197475,M1,2014,9,16,0
2014-10-16T00:00:00Z,1.193695,Neutral,16.998846,306.574943825,4.5803734225,M1,2014,10,16,1
2014-11-16T00:00:00Z,9.5553,Neutral,15.979229,121.85026057,4.3132385844,M1,2014,11,16,0
2014-12-16T00:00:00Z,1.3198894,Neutral,15.854284,82.842753655,5.261025807,M1,2014,12,16,0
2015-01-16T12:00:00Z,3.401713,Neutral,14.511388,55.9361346575,4.4077542005,M1,2015,1,16,0
2015-02-15T00:00:00Z,0.70612407,Neutral,14.833461,226.5907773475,5.0813662975,M1,2015,2,15,0
2015-03-16T12:00:00Z,24.298355,Neutral,13.847776,281.989526884,5.0405324722,M1,2015,3,16,1
2015-04-16T00:00:00Z,8.293431,Neutral,11.894167,309.322720825,5.013326778,M1,2015,4,16,1
2015-05-16T12:00:00Z,36.922867,Neutral,12.049168,299.43280164,5.0194084116,M1,2015,5,16,1
2015-06-16T00:00:00Z,14.064146,Neutral,13.3645,301.173395425,4.5345429095,M1,2015,6,16,1
2015-07-16T12:00:00Z,1.4057454,Neutral,16.933332,288.0079997,4.32900076875,M1,2015,7,16,1
2015-08-16T12:00:00Z,2.9751444,Neutral,17.821249,284.8099148,4.3654851756,M1,2015,8,16,1
2015-09-16T00:00:00Z,2.9928,Neutral,17.705,297.54895355,4.716123125,M1,2015,9,16,1
2015-10-16T12:00:00Z,0.98347706,Neutral,17.735,313.954191375,4.5704484065,M1,2015,10,16,1
2015-11-16T00:00:00Z,2.2430766,Neutral,15.535714,216.302866786,5.1258593244,M1,2015,11,16,0
2015-12-16T12:00:00Z,0.78054756,Neutral,14.184,174.269129038,5.83868850375,M1,2015,12,16,0
2016-01-16T12:00:00Z,0.9750822,El Nino,13.855,148.3966450884,5.337776138,M1,2016,1,16,0
2016-02-15T12:00:00Z,2.167338,El Nino,13.518749,162.0382382325,4.71682346525,M1,2016,2,15,0
2016-03-16T12:00:00Z,3.5368216,El Nino,14.551666,281.011440075,6.397516764,M1,2016,3,16,1
2016-04-16T00:00:00Z,19.449865,El Nino,12.849284,277.420028975,5.62841421325,M1,2016,4,16,0
2016-05-16T12:00:00Z,5.382235,El Nino,13.428844,290.72050394,4.2430694794,M1,2016,5,16,1
2016-06-16T00:00:00Z,14.793401,El Nino,13.482188,310.501818625,5.86715872575,M1,2016,6,16,1
2016-07-16T12:00:00Z,8.7155075,La Nina,13.1744995,304.46384356,4.6154853488,M1,2016,7,16,1
2016-08-16T12:00:00Z,9.742836,La Nina,14.169167,295.03443215,4.22766921075,M1,2016,8,16,1
2016-09-15T12:00:00Z,6.312395,La Nina,15.133096,291.46705325,4.5013954435,M1,2016,9,15,1
2016-10-16T12:00:00Z,4.055792,La Nina,15.061333,215.46747001,4.814164972,M1,2016,10,16,0
2016-11-15T12:00:00Z,5.130846,La Nina,15.4330015,266.555991375,4.629325371,M1,2016,11,15,0
2016-12-16T12:00:00Z,3.1076684,La Nina,12.9225,97.8351380975,5.4527441335,M1,2016,12,16,0
2017-01-16T12:00:00Z,3.3683329,Neutral,12.650768,141.294953495,5.70172290125,M1,2017,1,16,0
2017-02-14T12:00:00Z,2.1083922,Neutral,13.478749,223.4336514275,6.24724797125,M1,2017,2,14,0
2017-03-16T12:00:00Z,4.7433305,Neutral,13.596428,283.38998885,5.66964643075,M1,2017,3,16,1
2017-04-15T12:00:00Z,2.1044645,Neutral,12.68111,295.26474548,5.8018396582,M1,2017,4,15,1
2017-05-16T12:00:00Z,27.50189,Neutral,12.3125,282.5013069,5.72435288975,M1,2017,5,16,1
2017-06-15T12:00:00Z,8.014238,Neutral,13.45875,284.03093255,5.9274991425,M1,2017,6,15,1
2017-07-16T12:00:00Z,3.8009229,Neutral,13.84,283.77766474,4.3978558014,M1,2017,7,16,1
2017-08-16T12:00:00Z,1.9699013,Neutral,15.46,312.607956775,4.46472669925,M1,2017,8,16,1
2017-09-15T12:00:00Z,18.182926,Neutral,16.706665,222.79119272625,4.5812109065,M1,2017,9,15,0
2017-10-16T12:00:00Z,35.980793,Neutral,14.6189995,77.2561411674,4.275013395,M1,2017,10,16,0
2017-11-15T12:00:00Z,13.128553,Neutral,15.15625,36.34859731,4.56734195625,M1,2017,11,15,0
2017-12-16T12:00:00Z,4.191441,Neutral,15.094999,53.58991098,4.7693379276,M1,2017,12,16,0
2018-01-16T12:00:00Z,2.2326093,Neutral,13.375,43.542055055,4.308024085,M1,2018,1,16,0
2018-02-14T12:00:00Z,3.4837632,Neutral,12.705001,79.8668835365,5.90579451825,M1,2018,2,14,0
2018-03-16T12:00:00Z,1.7632072,Neutral,12.773749,107.29163487325,4.939777445,M1,2018,3,16,0
2018-04-15T12:00:00Z,13.916548,Neutral,13.15,331.50567438,5.1980163042,M1,2018,4,15,0
2018-05-16T12:00:00Z,12.883033,Neutral,13.116,320.392317225,5.55517460325,M1,2018,5,16,1
2018-06-15T12:00:00Z,15.5737505,Neutral,13.3324995,321.26288615,5.79748211875,M1,2018,6,15,1
2018-07-16T12:00:00Z,3.343847,Neutral,14.7,316.47135814,5.3613255608,M1,2018,7,16,1
2018-08-16T12:00:00Z,2.6144056,Neutral,15.495832,315.3402948,4.715621827,M1,2018,8,16,1
2018-09-15T12:00:00Z,17.7031,Neutral,14.96125,277.90993334,5.1826611836,M1,2018,9,15,0
2018-10-16T12:00:00Z,3.4047642,Neutral,16.1525,326.780394025,6.29545551775,M1,2018,10,16,1
2018-11-15T12:00:00Z,8.210272,Neutral,15.938125,171.416769555,5.08755702875,M1,2018,11,15,0
2018-12-16T12:00:00Z,1.2429798,Neutral,15.325625,94.064341871,6.5167486454,M1,2018,12,16,0
2019-01-16T12:00:00Z,1.891638,Neutral,13.56625,232.278695775,6.9219694535,M1,2019,1,16,0
2019-02-14T12:00:00Z,2.4298053,Neutral,13.864,247.117332375,7.982713145,M1,2019,2,14,0
2019-03-16T12:00:00Z,2.0831602,Neutral,13.619166,244.71049534,5.9005407292,M1,2019,3,16,0
2019-04-15T12:00:00Z,16.783941,Neutral,12.991667,313.813002525,6.61607142875,M1,2019,4,15,1
2019-05-16T12:00:00Z,2.3253372,Neutral,14.552,295.70282085,6.098465568,M1,2019,5,16,1
2019-06-15T12:00:00Z,10.191152,Neutral,14.7925,298.42162988,6.0375211358,M1,2019,6,15,1
2019-07-16T12:00:00Z,3.2814205,Neutral,14.080999,314.990065475,5.557973339,M1,2019,7,16,1
2019-08-16T12:00:00Z,8.440214,Neutral,14.61,330.2142609,5.44826839833333,M1,2019,8,16,0
2019-09-15T12:00:00Z,23.899885,Neutral,15.678749,NA,NA,M1,2019,9,15,NA
2019-10-16T12:00:00Z,12.984947,Neutral,14.97625,NA,NA,M1,2019,10,16,NA
2019-11-15T12:00:00Z,30.680662,Neutral,14.605,330.62297,5.666847529,M1,2019,11,15,0
2019-12-16T12:00:00Z,0.9884027,Neutral,13.431999,239.30456663,6.765206174,M1,2019,12,16,0
2020-01-16T12:00:00Z,0.9410438,Neutral,13.192001,267.2964820875,5.561878358,M1,2020,1,16,0
2020-02-15T00:00:00Z,2.4669378,Neutral,12.744736,332.82180905,6.45714085875,M1,2020,2,15,0
2020-03-16T12:00:00Z,2.217648,Neutral,13.597307,275.5076788,5.3806007486,M1,2020,3,16,0
2020-04-15T12:00:00Z,3.8763542,Neutral,13.29,305.62674325,6.34600776175,M1,2020,4,15,1
2020-05-16T12:00:00Z,8.247176,Neutral,13.084209,302.28035532,6.3542859506,M1,2020,5,16,1
2020-06-15T12:00:00Z,5.8538423,Neutral,13.613124,296.28973275,5.586284722,M1,2020,6,15,1
2020-07-16T12:00:00Z,8.3790245,Neutral,14.702778,279.711865575,5.5415464205,M1,2020,7,16,0
2020-09-15T12:00:00Z,34.65611,Neutral,15.686563,322.5496786,5.1382139895,M1,2020,9,15,1
2020-10-16T12:00:00Z,11.407769,Neutral,15.662499,331.343052025,4.42266696375,M1,2020,10,16,0
2020-11-15T12:00:00Z,18.640488,Neutral,13.441956,340.07246958,5.9261464452,M1,2020,11,15,0
2020-12-16T12:00:00Z,15.906579,Neutral,12.197352,262.2605179425,5.56783234125,M1,2020,12,16,0
2021-01-16T12:00:00Z,3.0317054,La Nina,12.280769,331.7214017,5.8946663436,M1,2021,1,16,0
2021-02-14T12:00:00Z,11.56496,La Nina,11.961471,269.815898975,6.873503189,M1,2021,2,14,0
2021-03-16T12:00:00Z,6.4719954,La Nina,11.57075,312.389121875,6.90497302375,M1,2021,3,16,1
2021-04-15T12:00:00Z,26.459324,La Nina,11.60147,316.647933225,7.25977245575,M1,2021,4,15,1
2021-05-16T12:00:00Z,4.33448,La Nina,11.39159,313.08422906,7.3016691872,M1,2021,5,16,1
2021-06-15T12:00:00Z,7.0876503,La Nina,13.597059,285.260471025,6.038699663,M1,2021,6,15,1
2021-07-16T12:00:00Z,3.0225399,La Nina,13.783,293.82543985,5.077241568,M1,2021,7,16,1
2021-08-16T12:00:00Z,6.546787,La Nina,16.547916,288.93443448,4.3100137726,M1,2021,8,16,1
2021-09-15T12:00:00Z,7.707869,La Nina,15.96625,303.751528525,5.12721468075,M1,2021,9,15,1
2021-10-16T12:00:00Z,3.4263945,La Nina,14.398158,295.968648,5.658295444,M1,2021,10,16,1
2021-11-15T12:00:00Z,7.435782,La Nina,14.416389,258.44213604375,4.976551269,M1,2021,11,15,0
2021-12-16T12:00:00Z,1.0363748,La Nina,13.098751,253.8763109,6.69203573175,M1,2021,12,16,0
2022-01-16T12:00:00Z,1.3254904,La Nina,13.193095,146.5662514998,5.0151952404,M1,2022,1,16,0
2022-02-14T12:00:00Z,9.923646,La Nina,12.7858715,340.115894525,6.06705859625,M1,2022,2,14,0
2022-03-16T12:00:00Z,11.9681635,La Nina,11.6735,330.03323545,7.3271655205,M1,2022,3,16,0
2022-04-15T12:00:00Z,19.033106,La Nina,11.384999,317.222568725,7.87145741225,M1,2022,4,15,1
2022-05-16T12:00:00Z,2.0168054,La Nina,11.182617,318.2580775,7.5242829308,M1,2022,5,16,1
2022-06-15T12:00:00Z,3.0405738,La Nina,12.485833,320.72304105,6.8317659145,M1,2022,6,15,1
2022-07-16T12:00:00Z,1.7473142,La Nina,14.375626,317.4930072,5.6287753994,M1,2022,7,16,1
2022-08-16T12:00:00Z,4.2955637,La Nina,15.964285,322.494143325,5.48212472275,M1,2022,8,16,1
2022-09-15T12:00:00Z,2.842701,La Nina,15.625,269.948503225,5.28714701475,M1,2022,9,15,0
2022-10-16T12:00:00Z,1.5377169,La Nina,15.050498,328.70096952,5.402028512,M1,2022,10,16,1
2022-11-15T12:00:00Z,1.6954663,La Nina,12.719048,259.9021453375,5.19865436,M1,2022,11,15,0
2022-12-16T12:00:00Z,1.0167081,La Nina,12.214999,98.860766702,4.5424917555,M1,2022,12,16,0
2023-01-16T12:00:00Z,2.116524,La Nina,12.916072,149.4571253144,7.4347363298,M1,2023,1,16,0
2023-02-14T12:00:00Z,3.1375375,La Nina,12.253749,239.841139214,7.10884305925,M1,2023,2,14,0
2023-03-16T12:00:00Z,1.0969727,La Nina,11.58625,269.0594759,6.7935637295,M1,2023,3,16,0
2023-04-15T12:00:00Z,8.102544,La Nina,10.798666,314.44949968,6.9462236144,M1,2023,4,15,1
2023-05-16T12:00:00Z,0.57237524,La Nina,13.050417,308.3408401,5.7564662445,M1,2023,5,16,1
2023-06-15T12:00:00Z,2.689702,El Nino,14.081249,284.372914575,5.35263573125,M1,2023,6,15,1
2023-07-16T12:00:00Z,11.090045,El Nino,13.943571,310.16468572,6.416504645,M1,2023,7,16,1
2023-08-16T12:00:00Z,0.9611956,El Nino,15.978749,295.75876705,4.456488943,M1,2023,8,16,1
2023-09-15T12:00:00Z,0.77073246,El Nino,16.615356,302.44386475,4.63187489475,M1,2023,9,15,1
2023-10-16T12:00:00Z,1.5010917,El Nino,16.058529,333.53032774,4.9328801032,M1,2023,10,16,0
2023-11-15T12:00:00Z,8.906906,El Nino,14.456249,275.962080933333,5.89367627133333,M1,2023,11,15,0
2023-12-16T12:00:00Z,2.1295927,El Nino,14.57,NA,NA,M1,2023,12,16,NA
2024-01-16T12:00:00Z,2.1547387,El Nino,13.944091,NA,NA,M1,2024,1,16,NA
2024-02-15T00:00:00Z,5.486874,El Nino,NA,NA,NA,M1,2024,2,15,NA
2004-01-16T12:00:00Z,0.58900005,Neutral,12.474999,132.4264073825,4.683922518,M2,2004,1,16,0
2004-02-15T12:00:00Z,1.4137498,Neutral,12.264167,221.472900894,5.6733333326,M2,2004,2,15,0
2004-03-16T12:00:00Z,3.1076667,Neutral,12.7809105,319.915875875,4.99902519675,M2,2004,3,16,1
2004-04-16T00:00:00Z,26.222763,Neutral,12.219334,298.595200475,4.83690191925,M2,2004,4,16,1
2004-05-16T12:00:00Z,4.079722,Neutral,12.749,298.43170856,6.351605429,M2,2004,5,16,1
2004-06-16T00:00:00Z,2.623625,Neutral,12.588572,288.341923675,6.2020223565,M2,2004,6,16,1
2004-07-16T12:00:00Z,1.9530001,Neutral,14.315833,273.684072375,4.5638221895,M2,2004,7,16,0
2004-08-16T12:00:00Z,0.56533337,Neutral,15.458889,292.03614002,4.326267043,M2,2004,8,16,1
2004-09-16T00:00:00Z,3.0041502,Neutral,15.42077,306.55946105,4.3396907845,M2,2004,9,16,1
2004-10-16T12:00:00Z,1.099,Neutral,15.525,234.342955398,4.7146271674,M2,2004,10,16,0
2004-11-16T00:00:00Z,0.99927783,Neutral,14.608463,81.26818149225,4.7177988407499996,M2,2004,11,16,0
2004-12-16T12:00:00Z,0.8126315,Neutral,12.9032135,106.60220842,5.9993228575,M2,2004,12,16,0
2005-01-16T12:00:00Z,0.69869226,Neutral,13.238333,91.233250764,5.2879600788,M2,2005,1,16,0
2005-02-15T00:00:00Z,1.0168889,Neutral,13.7275,85.3899753725,5.40248123,M2,2005,2,15,0
2005-03-16T12:00:00Z,0.6897692,Neutral,13.946428,285.032650175,5.49047815525,M2,2005,3,16,1
2005-04-16T00:00:00Z,7.7051873,Neutral,12.691539,304.8339409,6.20482542875,M2,2005,4,16,1
2005-05-16T12:00:00Z,1.356,Neutral,14.089583,299.37413806,5.581182733,M2,2005,5,16,1
2005-06-16T00:00:00Z,9.125264,Neutral,13.271843,291.49067625,5.2133488645,M2,2005,6,16,1
2005-07-16T12:00:00Z,1.5372,Neutral,14.106,293.5728943,4.2045626216,M2,2005,7,16,1
2005-08-16T12:00:00Z,0.6695,Neutral,14.753571,292.3844091,3.88785184725,M2,2005,8,16,0
2005-09-16T00:00:00Z,2.5856156,Neutral,14.9794445,309.680519325,4.63615395225,M2,2005,9,16,1
2005-10-16T12:00:00Z,4.3219376,Neutral,13.9096155,323.37258764,4.4801960594,M2,2005,10,16,1
2005-11-16T00:00:00Z,5.2723746,Neutral,13.511365,128.73004600025,4.61877956325,M2,2005,11,16,0
2005-12-16T12:00:00Z,0.66910005,Neutral,12.91389,108.95056723,4.9258224235,M2,2005,12,16,0
2006-01-16T12:00:00Z,2.9396667,Neutral,12.532,97.0945625522,4.7236664688,M2,2006,1,16,0
2006-02-15T00:00:00Z,4.730353,Neutral,12.69923,153.20993266,5.36950676425,M2,2006,2,15,0
2006-03-16T12:00:00Z,1.2607778,Neutral,11.935625,230.810028825,5.93677872425,M2,2006,3,16,0
2006-04-16T00:00:00Z,2.3624446,Neutral,13.157501,251.36441248,5.5554686208,M2,2006,4,16,0
2006-05-16T12:00:00Z,2.488235,Neutral,13.1765,307.756844725,6.04249600675,M2,2006,5,16,1
2006-06-16T00:00:00Z,14.2609005,Neutral,13.238888,295.633535425,5.1408031335,M2,2006,6,16,1
2006-07-16T12:00:00Z,3.9832,Neutral,14.302308,297.82918356,4.8299346902,M2,2006,7,16,1
2006-08-16T12:00:00Z,6.3594,Neutral,16.125,294.749566575,4.12040654125,M2,2006,8,16,1
2006-09-16T00:00:00Z,1.1832501,Neutral,15.079376,306.0967398,4.05935225875,M2,2006,9,16,1
2006-10-16T12:00:00Z,0.6041818,Neutral,15.537498,244.9610535268,3.8384401906,M2,2006,10,16,0
2006-11-16T00:00:00Z,1.7624613,Neutral,14.276668,261.451398945,5.049676179,M2,2006,11,16,0
2006-12-16T12:00:00Z,0.9477499,Neutral,12.806363,115.703166512,5.2687934448,M2,2006,12,16,0
2007-01-16T12:00:00Z,0.8318889,El Nino,11.782188,20.2791807595,4.9637991535,M2,2007,1,16,0
2007-02-15T00:00:00Z,0.71733326,El Nino,12.15643,261.11152405,5.98765876425,M2,2007,2,15,0
2007-03-16T12:00:00Z,3.472143,La Nina,11.761999,315.2366997,5.228806057,M2,2007,3,16,1
2007-04-16T00:00:00Z,14.181722,La Nina,10.7505,308.9450364,6.5581766562,M2,2007,4,16,1
2007-05-16T12:00:00Z,2.701333,La Nina,11.745001,294.17696185,5.68389470825,M2,2007,5,16,1
2007-06-16T00:00:00Z,23.25792,La Nina,12.450417,298.470942475,6.3827086885,M2,2007,6,16,1
2007-07-16T12:00:00Z,1.6717501,La Nina,15.167273,288.26926372,5.3007240252,M2,2007,7,16,1
2007-08-16T12:00:00Z,3.8969233,La Nina,14.693931,298.640863275,5.039306548,M2,2007,8,16,1
2007-09-16T00:00:00Z,1.7231052,La Nina,15.61357,312.48820666,4.8192440148,M2,2007,9,16,1
2007-10-16T12:00:00Z,1.0149412,La Nina,14.959667,333.744747175,4.4007827255,M2,2007,10,16,0
2007-11-16T00:00:00Z,0.79846156,La Nina,14.135625,120.8301290275,4.12921169225,M2,2007,11,16,0
2007-12-16T12:00:00Z,1.0294167,La Nina,11.38,47.4977811918,5.7615425354,M2,2007,12,16,0
2008-01-16T12:00:00Z,0.87962496,La Nina,11.814166,136.865064665,5.57148855,M2,2008,1,16,0
2008-02-15T12:00:00Z,1.0478461,La Nina,11.36875,317.599044175,5.4293984835,M2,2008,2,15,1
2008-03-16T12:00:00Z,2.8231502,La Nina,11.408571,326.4920334,6.0303519272,M2,2008,3,16,1
2008-04-16T00:00:00Z,1.8101904,La Nina,10.829688,321.79017455,6.73761915225,M2,2008,4,16,1
2008-05-16T12:00:00Z,0.949,La Nina,11.824546,299.54988105,5.7341627205,M2,2008,5,16,1
2008-06-16T00:00:00Z,1.0461538,La Nina,12.138462,306.37145212,6.4996065418,M2,2008,6,16,1
2008-07-16T12:00:00Z,1.3504286,La Nina,13.769444,298.26806485,5.38407038225,M2,2008,7,16,1
2008-08-16T12:00:00Z,2.0885,La Nina,14.717857,303.55964824,4.5719194314,M2,2008,8,16,1
2008-09-16T00:00:00Z,1.0710715,La Nina,15.749167,297.88279405,3.82847383875,M2,2008,9,16,0
2008-10-16T12:00:00Z,1.0835882,La Nina,14.772813,321.225106875,5.24911631675,M2,2008,10,16,1
2008-11-16T00:00:00Z,0.9088667,La Nina,13.815,150.9630637902,4.5635596988,M2,2008,11,16,0
2008-12-16T12:00:00Z,1.0982,La Nina,12.667916,111.51079129,5.299464999,M2,2008,12,16,0
2009-01-16T12:00:00Z,0.9300556,Neutral,12.179286,149.4218015475,4.71679509875,M2,2009,1,16,0
2009-02-15T00:00:00Z,1.8724614,Neutral,12.025,182.086311175,5.4970492575,M2,2009,2,15,0
2009-03-16T12:00:00Z,4.3906665,Neutral,11.468846,289.72586816,6.8637410564,M2,2009,3,16,1
2009-04-16T00:00:00Z,1.096,Neutral,11.1925,279.460828075,6.322903893,M2,2009,4,16,0
2009-05-16T12:00:00Z,12.581573,Neutral,11.793124,283.39185932,5.8472422306,M2,2009,5,16,1
2009-06-16T00:00:00Z,0.6041667,Neutral,13.437501,266.4635166,4.8049515115,M2,2009,6,16,0
2009-07-16T12:00:00Z,1.64575,Neutral,13.416,301.506448375,5.56424683525,M2,2009,7,16,1
2009-08-16T12:00:00Z,1.24944,Neutral,14.7261095,298.78287816,4.4527446054,M2,2009,8,16,1
2009-09-16T00:00:00Z,1.37738,Neutral,13.8875,300.951851725,4.56232160325,M2,2009,9,16,1
2009-10-16T12:00:00Z,9.503333,Neutral,13.596539,301.54384335,5.3996849315,M2,2009,10,16,1
2009-11-16T00:00:00Z,1.735,Neutral,12.568571,14.2744986364,4.7398257832,M2,2009,11,16,0
2009-12-16T12:00:00Z,2.2485557,Neutral,12.523,84.746941725,4.95619814775,M2,2009,12,16,0
2010-01-16T12:00:00Z,0.86157143,El Nino,13.02125,126.8111459,5.4360881784,M2,2010,1,16,0
2010-02-15T00:00:00Z,1.1858333,El Nino,13.3025,290.9623196,4.99107365675,M2,2010,2,15,1
2010-03-16T12:00:00Z,3.7185388,El Nino,12.509286,241.48591444525,5.62571565275,M2,2010,3,16,0
2010-04-16T00:00:00Z,4.533667,El Nino,12.216537,311.42663065,6.4399049925,M2,2010,4,16,1
2010-05-16T12:00:00Z,3.2731333,La Nina,11.107728,311.60752942,6.0970210952,M2,2010,5,16,1
2010-06-16T00:00:00Z,2.84775,La Nina,12.386819,313.291671825,6.44378623975,M2,2010,6,16,1
2010-07-16T12:00:00Z,0.45366666,La Nina,12.810714,290.882587425,3.98272681875,M2,2010,7,16,0
2010-08-16T12:00:00Z,0.6865,La Nina,14.34,312.52373322,4.3134679146,M2,2010,8,16,1
2010-09-16T00:00:00Z,1.5568124,La Nina,13.947501,316.08539425,4.4172685345,M2,2010,9,16,1
2010-10-16T12:00:00Z,0.6094,La Nina,13.843124,283.84794684,4.0974361076,M2,2010,10,16,1
2010-11-16T00:00:00Z,0.89405,La Nina,13.288214,243.5762798675,4.935457231,M2,2010,11,16,0
2010-12-16T12:00:00Z,0.57100004,La Nina,12.301001,100.4725085675,5.3834643075,M2,2010,12,16,0
2011-01-16T12:00:00Z,0.68169236,La Nina,12.1835,173.108665278,4.8363682292,M2,2011,1,16,0
2011-02-15T00:00:00Z,0.50976473,La Nina,12.167857,170.51969712975,5.89157740475,M2,2011,2,15,0
2011-03-16T12:00:00Z,0.45355552,La Nina,11.916667,266.934080625,6.01331264375,M2,2011,3,16,0
2011-04-16T00:00:00Z,0.27644998,La Nina,12.482501,310.25887655,6.40327231775,M2,2011,4,16,1
2011-05-16T12:00:00Z,0.27370587,La Nina,11.975667,284.89986096,6.449597769,M2,2011,5,16,1
2011-06-16T00:00:00Z,0.89441675,La Nina,12.611667,300.2463517,5.98912770925,M2,2011,6,16,1
2011-07-16T12:00:00Z,1.3433334,La Nina,13.955,284.98222574,4.4307958804,M2,2011,7,16,1
2011-08-16T12:00:00Z,8.17025,La Nina,14.230834,295.7813321,4.38205810125,M2,2011,8,16,1
2011-09-16T00:00:00Z,1.1487501,La Nina,NA,292.786308,4.22921370825,M2,2011,9,16,1
2011-10-16T12:00:00Z,0.8093333,La Nina,NA,318.86125646,4.2371112962,M2,2011,10,16,1
2011-11-16T00:00:00Z,0.63308334,La Nina,13.009286,216.060561865,4.947455705,M2,2011,11,16,0
2011-12-16T12:00:00Z,0.3544444,La Nina,NA,46.621266435,4.404543979,M2,2011,12,16,0
2012-01-16T12:00:00Z,0.429,La Nina,12.400999,91.7190663704,4.9155654542,M2,2012,1,16,0
2012-02-15T12:00:00Z,0.6832857,La Nina,11.8836355,261.29754595000003,5.79150257725,M2,2012,2,15,0
2012-03-16T12:00:00Z,0.28963637,La Nina,11.286666,254.45858225,5.87982081625,M2,2012,3,16,0
2012-04-16T00:00:00Z,0.28599998,La Nina,11.509999,279.084295575,6.42423754675,M2,2012,4,16,0
2012-05-16T12:00:00Z,2.8472,La Nina,11.445624,303.5020507,6.4498374285,M2,2012,5,16,1
2012-06-16T00:00:00Z,0.9589285,La Nina,12.317941,298.407711675,5.6074036575,M2,2012,6,16,1
2012-07-16T12:00:00Z,3.2753334,El Nino,13.783333,292.26983784,4.955440891,M2,2012,7,16,1
2012-08-16T12:00:00Z,0.3417143,La Nina,14.236501,NA,NA,M2,2012,8,16,NA
2012-09-16T00:00:00Z,0.9116667,La Nina,14.185715,305.447249325,4.66487466125,M2,2012,9,16,1
2012-10-16T12:00:00Z,0.9402857,La Nina,15.334287,322.37345375,4.33669602575,M2,2012,10,16,1
2012-11-16T00:00:00Z,0.41927776,La Nina,15.005001,172.35110521,5.204503125,M2,2012,11,16,0
2012-12-16T12:00:00Z,0.80964285,La Nina,13.304376,260.6167876,5.0892885835,M2,2012,12,16,0
2013-01-16T12:00:00Z,2.3266997,Neutral,12.030001,NA,NA,M2,2013,1,16,NA
2013-02-15T00:00:00Z,0.9037646,Neutral,11.582085,NA,NA,M2,2013,2,15,NA
2013-03-16T12:00:00Z,2.6264286,Neutral,10.608333,157.5125194695,5.236023085,M2,2013,3,16,0
2013-04-16T00:00:00Z,1.8312941,Neutral,11.226666,308.141877775,6.30662959925,M2,2013,4,16,1
2013-05-16T12:00:00Z,3.1158574,Neutral,11.996537,299.692254075,7.05493522875,M2,2013,5,16,1
2013-06-16T00:00:00Z,1.3741819,Neutral,12.911365,285.9401257,5.2001533946,M2,2013,6,16,1
2013-07-16T12:00:00Z,NA,Neutral,14.095,277.19472285,3.51042093725,M2,2013,7,16,0
2013-08-16T12:00:00Z,0.5502,Neutral,15.1375,NA,NA,M2,2013,8,16,NA
2013-09-16T00:00:00Z,5.336,Neutral,15.096562,290.313329133333,5.27512423733333,M2,2013,9,16,1
2013-10-16T12:00:00Z,3.0728126,Neutral,14.294375,299.543275675,4.21034391525,M2,2013,10,16,1
2013-11-16T00:00:00Z,1.1376666,Neutral,13.733181,167.66153575,4.49940580275,M2,2013,11,16,0
2013-12-16T12:00:00Z,1.3523334,Neutral,2.486,217.028604616,4.9304138416,M2,2013,12,16,0
2014-01-16T12:00:00Z,0.821125,Neutral,3.0449169,167.96105196,4.4254711395,M2,2014,1,16,0
2014-02-15T00:00:00Z,1.1854,Neutral,12.180358,191.792309671,5.37015610275,M2,2014,2,15,0
2014-03-16T12:00:00Z,1.71875,Neutral,13.421428,261.9970981,4.3841566966,M2,2014,3,16,0
2014-04-16T00:00:00Z,0.9091333,Neutral,13.37,290.603734975,4.898008565,M2,2014,4,16,1
2014-05-16T12:00:00Z,12.1439,Neutral,13.358889,286.378631875,6.04584526475,M2,2014,5,16,1
2014-06-16T00:00:00Z,4.237889,Neutral,13.344501,264.61397602,4.7584318306,M2,2014,6,16,0
2014-07-16T00:00:00Z,1.0397974,Neutral,16.913334,284.347289325,3.771441585,M2,2014,7,16,0
2014-08-16T00:00:00Z,0.39669403,Neutral,18.333332,286.55427402,3.7330604002,M2,2014,8,16,0
2014-09-16T00:00:00Z,0.4373699,Neutral,17.797142,331.234123525,4.10406197475,M2,2014,9,16,0
2014-10-16T00:00:00Z,0.8649374,Neutral,17.140831,306.574943825,4.5803734225,M2,2014,10,16,1
2014-11-16T00:00:00Z,0.5197213,Neutral,16.203926,121.85026057,4.3132385844,M2,2014,11,16,0
2014-12-16T00:00:00Z,0.6648394,Neutral,15.474443,82.842753655,5.261025807,M2,2014,12,16,0
2015-01-16T12:00:00Z,0.70393974,Neutral,14.76725,55.9361346575,4.4077542005,M2,2015,1,16,0
2015-02-15T00:00:00Z,0.6364231,Neutral,14.5125,226.5907773475,5.0813662975,M2,2015,2,15,0
2015-03-16T12:00:00Z,0.9284497,Neutral,14.5261545,281.989526884,5.0405324722,M2,2015,3,16,1
2015-04-16T00:00:00Z,31.548761,Neutral,12.589411,309.322720825,5.013326778,M2,2015,4,16,1
2015-05-16T12:00:00Z,0.4662485,Neutral,11.738334,299.43280164,5.0194084116,M2,2015,5,16,1
2015-06-16T00:00:00Z,0.75488037,Neutral,14.19,301.173395425,4.5345429095,M2,2015,6,16,1
2015-07-16T12:00:00Z,1.020729,Neutral,17.3,288.0079997,4.32900076875,M2,2015,7,16,1
2015-08-16T12:00:00Z,0.42409173,Neutral,18.87,284.8099148,4.3654851756,M2,2015,8,16,1
2015-09-16T00:00:00Z,0.6362607,Neutral,18.352499,297.54895355,4.716123125,M2,2015,9,16,1
2015-10-16T12:00:00Z,0.5440304,Neutral,17.357,313.954191375,4.5704484065,M2,2015,10,16,1
2015-11-16T00:00:00Z,1.2559041,Neutral,15.35,216.302866786,5.1258593244,M2,2015,11,16,0
2015-12-16T12:00:00Z,1.2478335,Neutral,14.896001,174.269129038,5.83868850375,M2,2015,12,16,0
2016-01-16T12:00:00Z,0.6007142,El Nino,13.103333,148.3966450884,5.337776138,M2,2016,1,16,0
2016-02-15T12:00:00Z,0.7723807,El Nino,14.123333,162.0382382325,4.71682346525,M2,2016,2,15,0
2016-03-16T12:00:00Z,1.2791132,El Nino,14.111665,281.011440075,6.397516764,M2,2016,3,16,1
2016-04-16T00:00:00Z,1.5226425,El Nino,13.747306,277.420028975,5.62841421325,M2,2016,4,16,0
2016-05-16T12:00:00Z,0.63843006,El Nino,13.73,290.72050394,4.2430694794,M2,2016,5,16,1
2016-06-16T00:00:00Z,2.3455284,El Nino,14.162308,310.501818625,5.86715872575,M2,2016,6,16,1
2016-07-16T12:00:00Z,3.4177203,La Nina,12.454286,304.46384356,4.6154853488,M2,2016,7,16,1
2016-08-16T12:00:00Z,1.0910981,La Nina,14.444284,295.03443215,4.22766921075,M2,2016,8,16,1
2016-09-15T12:00:00Z,2.0324948,La Nina,15.903128,291.46705325,4.5013954435,M2,2016,9,15,1
2016-10-16T12:00:00Z,1.6894143,La Nina,16.118502,215.46747001,4.814164972,M2,2016,10,16,0
2016-11-15T12:00:00Z,1.7525696,La Nina,15.552499,266.555991375,4.629325371,M2,2016,11,15,0
2016-12-16T12:00:00Z,2.1004326,La Nina,13.225385,97.8351380975,5.4527441335,M2,2016,12,16,0
2017-01-16T12:00:00Z,1.397209,Neutral,12.925,141.294953495,5.70172290125,M2,2017,1,16,0
2017-02-14T12:00:00Z,0.50732124,Neutral,13.165625,223.4336514275,6.24724797125,M2,2017,2,14,0
2017-03-16T12:00:00Z,1.0539175,Neutral,13.512667,283.38998885,5.66964643075,M2,2017,3,16,1
2017-04-15T12:00:00Z,1.2736373,Neutral,13.224999,295.26474548,5.8018396582,M2,2017,4,15,1
2017-05-16T12:00:00Z,1.7946328,Neutral,12.808571,282.5013069,5.72435288975,M2,2017,5,16,1
2017-06-15T12:00:00Z,1.7381727,Neutral,13.61,284.03093255,5.9274991425,M2,2017,6,15,1
2017-07-16T12:00:00Z,5.613703,Neutral,13.79,283.77766474,4.3978558014,M2,2017,7,16,1
2017-08-16T12:00:00Z,0.7638809,Neutral,18.145,312.607956775,4.46472669925,M2,2017,8,16,1
2017-09-15T12:00:00Z,1.0775806000000001,Neutral,17.5175,222.79119272625,4.5812109065,M2,2017,9,15,0
2017-10-16T12:00:00Z,4.3507085,Neutral,14.414999,77.2561411674,4.275013395,M2,2017,10,16,0
2017-11-15T12:00:00Z,3.163145,Neutral,15.514999,36.34859731,4.56734195625,M2,2017,11,15,0
2017-12-16T12:00:00Z,1.1724383,Neutral,14.866667,53.58991098,4.7693379276,M2,2017,12,16,0
2018-01-16T12:00:00Z,5.049747,Neutral,12.603999,43.542055055,4.308024085,M2,2018,1,16,0
2018-02-14T12:00:00Z,1.2585471,Neutral,13.531667,79.8668835365,5.90579451825,M2,2018,2,14,0
2018-03-16T12:00:00Z,1.1391467,Neutral,12.936249,107.29163487325,4.939777445,M2,2018,3,16,0
2018-04-15T12:00:00Z,1.3927892,Neutral,13.696876,331.50567438,5.1980163042,M2,2018,4,15,0
2018-05-16T12:00:00Z,3.0614076,Neutral,12.988,320.392317225,5.55517460325,M2,2018,5,16,1
2018-06-15T12:00:00Z,5.8349924,Neutral,12.7225,321.26288615,5.79748211875,M2,2018,6,15,1
2018-07-16T12:00:00Z,0.44125643,Neutral,16.335,316.47135814,5.3613255608,M2,2018,7,16,1
2018-08-16T12:00:00Z,2.8164976,Neutral,15.366667,315.3402948,4.715621827,M2,2018,8,16,1
2018-09-15T12:00:00Z,5.494034,Neutral,14.811666,277.90993334,5.1826611836,M2,2018,9,15,0
2018-10-16T12:00:00Z,1.3192334,Neutral,15.528333,326.780394025,6.29545551775,M2,2018,10,16,1
2018-11-15T12:00:00Z,1.9389622,Neutral,16.085835,171.416769555,5.08755702875,M2,2018,11,15,0
2018-12-16T12:00:00Z,0.8683446,Neutral,15.183332,94.064341871,6.5167486454,M2,2018,12,16,0
2019-01-16T12:00:00Z,0.8436907,Neutral,13.707857,232.278695775,6.9219694535,M2,2019,1,16,0
2019-02-14T12:00:00Z,0.6721283,Neutral,13.846999,247.117332375,7.982713145,M2,2019,2,14,0
2019-03-16T12:00:00Z,1.7256737,Neutral,13.5356245,244.71049534,5.9005407292,M2,2019,3,16,0
2019-04-15T12:00:00Z,4.212141,Neutral,13.324167,313.813002525,6.61607142875,M2,2019,4,15,1
2019-05-16T12:00:00Z,0.57627374,Neutral,14.706667,295.70282085,6.098465568,M2,2019,5,16,1
2019-06-15T12:00:00Z,1.2747087,Neutral,14.205,298.42162988,6.0375211358,M2,2019,6,15,1
2019-07-16T12:00:00Z,2.2776923,Neutral,15.0825,314.990065475,5.557973339,M2,2019,7,16,1
2019-08-16T12:00:00Z,2.859322,Neutral,15.867499,330.2142609,5.44826839833333,M2,2019,8,16,0
2019-09-15T12:00:00Z,3.3500295,Neutral,16.873123,NA,NA,M2,2019,9,15,NA
2019-10-16T12:00:00Z,3.2400947,Neutral,15.14,NA,NA,M2,2019,10,16,NA
2019-11-15T12:00:00Z,1.5499111,Neutral,13.2125,330.62297,5.666847529,M2,2019,11,15,0
2019-12-16T12:00:00Z,0.63929033,Neutral,13.299,239.30456663,6.765206174,M2,2019,12,16,0
2020-01-16T12:00:00Z,1.4968851,Neutral,12.874583,267.2964820875,5.561878358,M2,2020,1,16,0
2020-02-15T00:00:00Z,1.0018027,Neutral,12.887333,332.82180905,6.45714085875,M2,2020,2,15,0
2020-03-16T12:00:00Z,1.5130396,Neutral,13.445499,275.5076788,5.3806007486,M2,2020,3,16,0
2020-04-15T12:00:00Z,0.91116565,Neutral,13.673,305.62674325,6.34600776175,M2,2020,4,15,1
2020-05-16T12:00:00Z,26.27319,Neutral,14.460295,302.28035532,6.3542859506,M2,2020,5,16,1
2020-06-15T12:00:00Z,1.1250352,Neutral,14.615714,296.28973275,5.586284722,M2,2020,6,15,1
2020-07-16T12:00:00Z,2.6921313,Neutral,14.0356245,279.711865575,5.5415464205,M2,2020,7,16,0
2020-09-15T12:00:00Z,12.5622225,Neutral,15.149285,322.5496786,5.1382139895,M2,2020,9,15,1
2020-10-16T12:00:00Z,4.59415,Neutral,15.515555,331.343052025,4.42266696375,M2,2020,10,16,0
2020-11-15T12:00:00Z,5.1234612,Neutral,13.307059,340.07246958,5.9261464452,M2,2020,11,15,0
2020-12-16T12:00:00Z,4.766184,Neutral,12.255333,262.2605179425,5.56783234125,M2,2020,12,16,0
2021-01-16T12:00:00Z,1.078168,La Nina,12.275384,331.7214017,5.8946663436,M2,2021,1,16,0
2021-02-14T12:00:00Z,2.1589625,La Nina,11.947499,269.815898975,6.873503189,M2,2021,2,14,0
2021-03-16T12:00:00Z,18.645576,La Nina,11.480263,312.389121875,6.90497302375,M2,2021,3,16,1
2021-04-15T12:00:00Z,3.2652571,La Nina,11.826111,316.647933225,7.25977245575,M2,2021,4,15,1
2021-05-16T12:00:00Z,1.1149933,La Nina,11.946538,313.08422906,7.3016691872,M2,2021,5,16,1
2021-06-15T12:00:00Z,2.6809177,La Nina,13.606923,285.260471025,6.038699663,M2,2021,6,15,1
2021-07-16T12:00:00Z,5.8478947,La Nina,13.129999,293.82543985,5.077241568,M2,2021,7,16,1
2021-08-16T12:00:00Z,3.4807959,La Nina,17.31,288.93443448,4.3100137726,M2,2021,8,16,1
2021-09-15T12:00:00Z,1.174556,La Nina,16.5325,303.751528525,5.12721468075,M2,2021,9,15,1
2021-10-16T12:00:00Z,0.604765,La Nina,15.267333,295.968648,5.658295444,M2,2021,10,16,1
2021-11-15T12:00:00Z,0.6560439,La Nina,14.648929,258.44213604375,4.976551269,M2,2021,11,15,0
2021-12-16T12:00:00Z,0.7443896,La Nina,12.921537,253.8763109,6.69203573175,M2,2021,12,16,0
2022-01-16T12:00:00Z,1.0325987,La Nina,13.002142,146.5662514998,5.0151952404,M2,2022,1,16,0
2022-02-14T12:00:00Z,0.8331224,La Nina,13.091999,340.115894525,6.06705859625,M2,2022,2,14,0
2022-03-16T12:00:00Z,0.8724967,La Nina,12.170278,330.03323545,7.3271655205,M2,2022,3,16,0
2022-04-15T12:00:00Z,0.5284491,La Nina,12.139501,317.222568725,7.87145741225,M2,2022,4,15,1
2022-05-16T12:00:00Z,1.5709965,La Nina,11.6025,318.2580775,7.5242829308,M2,2022,5,16,1
2022-06-15T12:00:00Z,2.4319103,La Nina,12.847941,320.72304105,6.8317659145,M2,2022,6,15,1
2022-07-16T12:00:00Z,0.67158604,La Nina,14.780999,317.4930072,5.6287753994,M2,2022,7,16,1
2022-08-16T12:00:00Z,1.7722857,La Nina,16.201332,322.494143325,5.48212472275,M2,2022,8,16,1
2022-09-15T12:00:00Z,2.1773481,La Nina,16.376072,269.948503225,5.28714701475,M2,2022,9,15,0
2022-10-16T12:00:00Z,0.50082165,La Nina,15.821875,328.70096952,5.402028512,M2,2022,10,16,1
2022-11-15T12:00:00Z,0.45829263,La Nina,13.209118,259.9021453375,5.19865436,M2,2022,11,15,0
2022-12-16T12:00:00Z,0.64083445000000006,La Nina,12.483636,98.860766702,4.5424917555,M2,2022,12,16,0
2023-01-16T12:00:00Z,1.0257939,La Nina,12.750313,149.4571253144,7.4347363298,M2,2023,1,16,0
2023-02-14T12:00:00Z,0.6369729,La Nina,12.150625,239.841139214,7.10884305925,M2,2023,2,14,0
2023-03-16T12:00:00Z,0.5032362,La Nina,11.568125,269.0594759,6.7935637295,M2,2023,3,16,0
2023-04-15T12:00:00Z,1.4565206,La Nina,11.250713,314.44949968,6.9462236144,M2,2023,4,15,1
2023-05-16T12:00:00Z,0.42155516,La Nina,12.737857,308.3408401,5.7564662445,M2,2023,5,16,1
2023-06-15T12:00:00Z,0.7872178,El Nino,14.356667,284.372914575,5.35263573125,M2,2023,6,15,1
2023-07-16T12:00:00Z,2.5759137,El Nino,13.732223,310.16468572,6.416504645,M2,2023,7,16,1
2023-08-16T12:00:00Z,0.7324718,El Nino,17.638573,295.75876705,4.456488943,M2,2023,8,16,1
2023-09-15T12:00:00Z,0.5534489,El Nino,17.547142,302.44386475,4.63187489475,M2,2023,9,15,1
2023-10-16T12:00:00Z,0.6665557,El Nino,16.695358,333.53032774,4.9328801032,M2,2023,10,16,0
2023-11-15T12:00:00Z,1.7186865,El Nino,15.279688,275.962080933333,5.89367627133333,M2,2023,11,15,0
2023-12-16T12:00:00Z,1.8272073,El Nino,14.690556,NA,NA,M2,2023,12,16,NA
2024-01-16T12:00:00Z,1.3208704,El Nino,14.19,NA,NA,M2,2024,1,16,NA
2024-02-15T00:00:00Z,7.5547504,El Nino,NA,NA,NA,M2,2024,2,15,NA
2004-01-16T12:00:00Z,5.8686,Neutral,12.418334,132.4264073825,4.683922518,C1,2004,1,16,0
2004-02-15T12:00:00Z,8.719099,Neutral,10.9425,221.472900894,5.6733333326,C1,2004,2,15,0
2004-03-16T12:00:00Z,25.7494,Neutral,NA,319.915875875,4.99902519675,C1,2004,3,16,1
2004-04-16T00:00:00Z,43.1199,Neutral,12.76,298.595200475,4.83690191925,C1,2004,4,16,1
2004-05-16T12:00:00Z,15.433637,Neutral,NA,298.43170856,6.351605429,C1,2004,5,16,1
2004-06-16T00:00:00Z,41.052917,Neutral,14.435,288.341923675,6.2020223565,C1,2004,6,16,1
2004-07-16T12:00:00Z,27.32475,Neutral,NA,273.684072375,4.5638221895,C1,2004,7,16,0
2004-08-16T12:00:00Z,36.7669,Neutral,14.401668,292.03614002,4.326267043,C1,2004,8,16,1
2004-09-16T00:00:00Z,51.11447,Neutral,NA,306.55946105,4.3396907845,C1,2004,9,16,1
2004-10-16T12:00:00Z,42.363773,Neutral,NA,234.342955398,4.7146271674,C1,2004,10,16,0
2004-11-16T00:00:00Z,53.280945,Neutral,14.535714,81.26818149225,4.7177988407499996,C1,2004,11,16,0
2004-12-16T12:00:00Z,10.850249,Neutral,12.815,106.60220842,5.9993228575,C1,2004,12,16,0
2005-01-16T12:00:00Z,5.926363,Neutral,13.993333,91.233250764,5.2879600788,C1,2005,1,16,0
2005-02-15T00:00:00Z,6.2920003,Neutral,13.165,85.3899753725,5.40248123,C1,2005,2,15,0
2005-03-16T12:00:00Z,10.077001,Neutral,NA,285.032650175,5.49047815525,C1,2005,3,16,1
2005-04-16T00:00:00Z,77.7758,Neutral,15.395,304.8339409,6.20482542875,C1,2005,4,16,1
2005-05-16T12:00:00Z,18.726856,Neutral,14.965,299.37413806,5.581182733,C1,2005,5,16,1
2005-06-16T00:00:00Z,53.424603,Neutral,NA,291.49067625,5.2133488645,C1,2005,6,16,1
2005-07-16T12:00:00Z,111.346504,Neutral,13.38,293.5728943,4.2045626216,C1,2005,7,16,1
2005-08-16T12:00:00Z,24.349201,Neutral,16.36,292.3844091,3.88785184725,C1,2005,8,16,0
2005-09-16T00:00:00Z,40.300694,Neutral,14.615,309.680519325,4.63615395225,C1,2005,9,16,1
2005-10-16T12:00:00Z,56.039436,Neutral,13.415,323.37258764,4.4801960594,C1,2005,10,16,1
2005-11-16T00:00:00Z,63.597572,Neutral,13.37,128.73004600025,4.61877956325,C1,2005,11,16,0
2005-12-16T12:00:00Z,38.1405,Neutral,12.0825,108.95056723,4.9258224235,C1,2005,12,16,0
2006-01-16T12:00:00Z,16.1907,Neutral,12.7075,97.0945625522,4.7236664688,C1,2006,1,16,0
2006-02-15T00:00:00Z,13.304154,Neutral,11.95,153.20993266,5.36950676425,C1,2006,2,15,0
2006-03-16T12:00:00Z,34.226887,Neutral,12.38,230.810028825,5.93677872425,C1,2006,3,16,0
2006-04-16T00:00:00Z,11.673,Neutral,14.08,251.36441248,5.5554686208,C1,2006,4,16,0
2006-05-16T12:00:00Z,18.329693,Neutral,NA,307.756844725,6.04249600675,C1,2006,5,16,1
2006-06-16T00:00:00Z,81.194565,Neutral,NA,295.633535425,5.1408031335,C1,2006,6,16,1
2006-07-16T12:00:00Z,91.955444,Neutral,16.415,297.82918356,4.8299346902,C1,2006,7,16,1
2006-08-16T12:00:00Z,22.601,Neutral,NA,294.749566575,4.12040654125,C1,2006,8,16,1
2006-09-16T00:00:00Z,86.2258,Neutral,NA,306.0967398,4.05935225875,C1,2006,9,16,1
2006-10-16T12:00:00Z,83.31815,Neutral,15.401666,244.9610535268,3.8384401906,C1,2006,10,16,0
2006-11-16T00:00:00Z,107.27473,Neutral,14.239,261.451398945,5.049676179,C1,2006,11,16,0
2006-12-16T12:00:00Z,14.741455,Neutral,12.29875,115.703166512,5.2687934448,C1,2006,12,16,0
2007-01-16T12:00:00Z,5.3759465,El Nino,11.204166,20.2791807595,4.9637991535,C1,2007,1,16,0
2007-02-15T00:00:00Z,8.0262,El Nino,12.26,261.11152405,5.98765876425,C1,2007,2,15,0
2007-03-16T12:00:00Z,35.011803,La Nina,NA,315.2366997,5.228806057,C1,2007,3,16,1
2007-04-16T00:00:00Z,16.736143,La Nina,12.46,308.9450364,6.5581766562,C1,2007,4,16,1
2007-05-16T12:00:00Z,56.257828,La Nina,NA,294.17696185,5.68389470825,C1,2007,5,16,1
2007-06-16T00:00:00Z,62.049286,La Nina,NA,298.470942475,6.3827086885,C1,2007,6,16,1
2007-07-16T12:00:00Z,119.94355,La Nina,NA,288.26926372,5.3007240252,C1,2007,7,16,1
2007-08-16T12:00:00Z,29.695454,La Nina,14.702499,298.640863275,5.039306548,C1,2007,8,16,1
2007-09-16T00:00:00Z,29.676056,La Nina,15.89,312.48820666,4.8192440148,C1,2007,9,16,1
2007-10-16T12:00:00Z,93.028534,La Nina,14.2699995,333.744747175,4.4007827255,C1,2007,10,16,0
2007-11-16T00:00:00Z,107.615105,La Nina,12.868333,120.8301290275,4.12921169225,C1,2007,11,16,0
2007-12-16T12:00:00Z,23.071272,La Nina,11.416249,47.4977811918,5.7615425354,C1,2007,12,16,0
2008-01-16T12:00:00Z,5.0101433,La Nina,12.3,136.865064665,5.57148855,C1,2008,1,16,0
2008-02-15T12:00:00Z,8.5077505,La Nina,NA,317.599044175,5.4293984835,C1,2008,2,15,1
2008-03-16T12:00:00Z,47.93407,La Nina,12.3375,326.4920334,6.0303519272,C1,2008,3,16,1
2008-04-16T00:00:00Z,41.03436,La Nina,NA,321.79017455,6.73761915225,C1,2008,4,16,1
2008-05-16T12:00:00Z,13.423401,La Nina,NA,299.54988105,5.7341627205,C1,2008,5,16,1
2008-06-16T00:00:00Z,14.4140005,La Nina,NA,306.37145212,6.4996065418,C1,2008,6,16,1
2008-07-16T12:00:00Z,82.7784,La Nina,14.466667,298.26806485,5.38407038225,C1,2008,7,16,1
2008-08-16T12:00:00Z,89.561,La Nina,NA,303.55964824,4.5719194314,C1,2008,8,16,1
2008-09-16T00:00:00Z,53.817,La Nina,16.5425,297.88279405,3.82847383875,C1,2008,9,16,0
2008-10-16T12:00:00Z,50.7928,La Nina,14.3825,321.225106875,5.24911631675,C1,2008,10,16,1
2008-11-16T00:00:00Z,16.781923,La Nina,13.955,150.9630637902,4.5635596988,C1,2008,11,16,0
2008-12-16T12:00:00Z,49.464455,La Nina,NA,111.51079129,5.299464999,C1,2008,12,16,0
2009-01-16T12:00:00Z,9.386999,Neutral,11.434999,149.4218015475,4.71679509875,C1,2009,1,16,0
2009-02-15T00:00:00Z,6.018444,Neutral,12.18,182.086311175,5.4970492575,C1,2009,2,15,0
2009-03-16T12:00:00Z,88.41509,Neutral,NA,289.72586816,6.8637410564,C1,2009,3,16,1
2009-04-16T00:00:00Z,16.99843,Neutral,NA,279.460828075,6.322903893,C1,2009,4,16,0
2009-05-16T12:00:00Z,13.165666,Neutral,NA,283.39185932,5.8472422306,C1,2009,5,16,1
2009-06-16T00:00:00Z,69.479256,Neutral,NA,266.4635166,4.8049515115,C1,2009,6,16,0
2009-07-16T12:00:00Z,98.853004,Neutral,15.105,301.506448375,5.56424683525,C1,2009,7,16,1
2009-08-16T12:00:00Z,10.5263,Neutral,NA,298.78287816,4.4527446054,C1,2009,8,16,1
2009-09-16T00:00:00Z,84.1361,Neutral,15.1375,300.951851725,4.56232160325,C1,2009,9,16,1
2009-10-16T12:00:00Z,42.839302000000004,Neutral,15.395,301.54384335,5.3996849315,C1,2009,10,16,1
2009-11-16T00:00:00Z,31.274393,Neutral,13.206251,14.2744986364,4.7398257832,C1,2009,11,16,0
2009-12-16T12:00:00Z,11.81,Neutral,12.13,84.746941725,4.95619814775,C1,2009,12,16,0
2010-01-16T12:00:00Z,6.9530005,El Nino,13.071667,126.8111459,5.4360881784,C1,2010,1,16,0
2010-02-15T00:00:00Z,5.7415004,El Nino,13.315,290.9623196,4.99107365675,C1,2010,2,15,1
2010-03-16T12:00:00Z,12.070749,El Nino,13.9,241.48591444525,5.62571565275,C1,2010,3,16,0
2010-04-16T00:00:00Z,35.02843,El Nino,12.2,311.42663065,6.4399049925,C1,2010,4,16,1
2010-05-16T12:00:00Z,19.858665,La Nina,12.4425,311.60752942,6.0970210952,C1,2010,5,16,1
2010-06-16T00:00:00Z,29.886497,La Nina,12.62,313.291671825,6.44378623975,C1,2010,6,16,1
2010-07-16T12:00:00Z,69.325165,La Nina,15.84,290.882587425,3.98272681875,C1,2010,7,16,0
2010-08-16T12:00:00Z,31.627857,La Nina,14.075,312.52373322,4.3134679146,C1,2010,8,16,1
2010-09-16T00:00:00Z,81.773125,La Nina,NA,316.08539425,4.4172685345,C1,2010,9,16,1
2010-10-16T12:00:00Z,16.836376,La Nina,14.26,283.84794684,4.0974361076,C1,2010,10,16,1
2010-11-16T00:00:00Z,59.62265,La Nina,12.945,243.5762798675,4.935457231,C1,2010,11,16,0
2010-12-16T12:00:00Z,52.450504,La Nina,11.65,100.4725085675,5.3834643075,C1,2010,12,16,0
2011-01-16T12:00:00Z,18.248468,La Nina,12.192499,173.108665278,4.8363682292,C1,2011,1,16,0
2011-02-15T00:00:00Z,59.075306,La Nina,12.745,170.51969712975,5.89157740475,C1,2011,2,15,0
2011-03-16T12:00:00Z,6.6790004,La Nina,13.0275,266.934080625,6.01331264375,C1,2011,3,16,0
2011-04-16T00:00:00Z,20.715399,La Nina,13.05,310.25887655,6.40327231775,C1,2011,4,16,1
2011-05-16T12:00:00Z,19.554571,La Nina,12.7975,284.89986096,6.449597769,C1,2011,5,16,1
2011-06-16T00:00:00Z,22.8446,La Nina,NA,300.2463517,5.98912770925,C1,2011,6,16,1
2011-07-16T12:00:00Z,59.504,La Nina,NA,284.98222574,4.4307958804,C1,2011,7,16,1
2011-08-16T12:00:00Z,13.051001,La Nina,NA,295.7813321,4.38205810125,C1,2011,8,16,1
2011-09-16T00:00:00Z,57.28628,La Nina,NA,292.786308,4.22921370825,C1,2011,9,16,1
2011-10-16T12:00:00Z,37.739906,La Nina,NA,318.86125646,4.2371112962,C1,2011,10,16,1
2011-11-16T00:00:00Z,42.187,La Nina,12.906667,216.060561865,4.947455705,C1,2011,11,16,0
2011-12-16T12:00:00Z,5.6716924,La Nina,NA,46.621266435,4.404543979,C1,2011,12,16,0
2012-01-16T12:00:00Z,3.9929001,La Nina,12.065001,91.7190663704,4.9155654542,C1,2012,1,16,0
2012-02-15T12:00:00Z,6.528199,La Nina,11.255,261.29754595000003,5.79150257725,C1,2012,2,15,0
2012-03-16T12:00:00Z,32.47942,La Nina,11.276666,254.45858225,5.87982081625,C1,2012,3,16,0
2012-04-16T00:00:00Z,22.325626,La Nina,11.625,279.084295575,6.42423754675,C1,2012,4,16,0
2012-05-16T12:00:00Z,41.08375,La Nina,NA,303.5020507,6.4498374285,C1,2012,5,16,1
2012-06-16T00:00:00Z,40.5288,La Nina,11.355,298.407711675,5.6074036575,C1,2012,6,16,1
2012-07-16T12:00:00Z,11.343,El Nino,NA,292.26983784,4.955440891,C1,2012,7,16,1
2012-08-16T12:00:00Z,93.73328,La Nina,13.238332,NA,NA,C1,2012,8,16,NA
2012-09-16T00:00:00Z,39.317,La Nina,NA,305.447249325,4.66487466125,C1,2012,9,16,1
2012-10-16T12:00:00Z,14.447667,La Nina,15.445,322.37345375,4.33669602575,C1,2012,10,16,1
2012-11-16T00:00:00Z,44.97107,La Nina,14.613334,172.35110521,5.204503125,C1,2012,11,16,0
2012-12-16T12:00:00Z,10.844126,La Nina,13.7175,260.6167876,5.0892885835,C1,2012,12,16,0
2013-01-16T12:00:00Z,8.301825,Neutral,11.3949995,NA,NA,C1,2013,1,16,NA
2013-02-15T00:00:00Z,21.118473,Neutral,11.745,NA,NA,C1,2013,2,15,NA
2013-03-16T12:00:00Z,46.201584,Neutral,NA,157.5125194695,5.236023085,C1,2013,3,16,0
2013-04-16T00:00:00Z,16.742083,Neutral,12.63,308.141877775,6.30662959925,C1,2013,4,16,1
2013-05-16T12:00:00Z,72.78311,Neutral,NA,299.692254075,7.05493522875,C1,2013,5,16,1
2013-06-16T00:00:00Z,77.8984,Neutral,11.81,285.9401257,5.2001533946,C1,2013,6,16,1
2013-07-16T12:00:00Z,6.458,Neutral,15.89,277.19472285,3.51042093725,C1,2013,7,16,0
2013-08-16T12:00:00Z,98.305,Neutral,NA,NA,NA,C1,2013,8,16,NA
2013-09-16T00:00:00Z,39.033558,Neutral,14.31,290.313329133333,5.27512423733333,C1,2013,9,16,1
2013-10-16T12:00:00Z,23.275454,Neutral,13.963333,299.543275675,4.21034391525,C1,2013,10,16,1
2013-11-16T00:00:00Z,27.427832,Neutral,NA,167.66153575,4.49940580275,C1,2013,11,16,0
2013-12-16T12:00:00Z,5.08825,Neutral,NA,217.028604616,4.9304138416,C1,2013,12,16,0
2014-01-16T12:00:00Z,4.1117334,Neutral,NA,167.96105196,4.4254711395,C1,2014,1,16,0
2014-02-15T00:00:00Z,10.884222,Neutral,NA,191.792309671,5.37015610275,C1,2014,2,15,0
2014-03-16T12:00:00Z,33.998413,Neutral,14.24,261.9970981,4.3841566966,C1,2014,3,16,0
2014-04-16T00:00:00Z,52.795612,Neutral,14.96,290.603734975,4.898008565,C1,2014,4,16,1
2014-05-16T12:00:00Z,26.56733,Neutral,NA,286.378631875,6.04584526475,C1,2014,5,16,1
2014-06-16T00:00:00Z,56.275665,Neutral,NA,264.61397602,4.7584318306,C1,2014,6,16,0
2014-07-16T00:00:00Z,23.455166,Neutral,15.05,284.347289325,3.771441585,C1,2014,7,16,0
2014-08-16T00:00:00Z,56.86634,Neutral,18.4,286.55427402,3.7330604002,C1,2014,8,16,0
2014-09-16T00:00:00Z,71.007065,Neutral,16.6,331.234123525,4.10406197475,C1,2014,9,16,0
2014-10-16T00:00:00Z,51.56944,Neutral,17.0225,306.574943825,4.5803734225,C1,2014,10,16,1
2014-11-16T00:00:00Z,29.093037,Neutral,15.558333,121.85026057,4.3132385844,C1,2014,11,16,0
2014-12-16T00:00:00Z,5.7113175,Neutral,15.165,82.842753655,5.261025807,C1,2014,12,16,0
2015-01-16T12:00:00Z,16.23373,Neutral,13.435,55.9361346575,4.4077542005,C1,2015,1,16,0
2015-02-15T00:00:00Z,17.182636,Neutral,15.555,226.5907773475,5.0813662975,C1,2015,2,15,0
2015-03-16T12:00:00Z,50.529297,Neutral,15.11,281.989526884,5.0405324722,C1,2015,3,16,1
2015-04-16T00:00:00Z,34.647315999999996,Neutral,13.09,309.322720825,5.013326778,C1,2015,4,16,1
2015-05-16T12:00:00Z,5.8527956,Neutral,NA,299.43280164,5.0194084116,C1,2015,5,16,1
2015-06-16T00:00:00Z,55.228207,Neutral,NA,301.173395425,4.5345429095,C1,2015,6,16,1
2015-07-16T12:00:00Z,11.097327,Neutral,NA,288.0079997,4.32900076875,C1,2015,7,16,1
2015-08-16T12:00:00Z,16.054504,Neutral,NA,284.8099148,4.3654851756,C1,2015,8,16,1
2015-09-16T00:00:00Z,22.527706,Neutral,NA,297.54895355,4.716123125,C1,2015,9,16,1
2015-10-16T12:00:00Z,16.098555,Neutral,17.43,313.954191375,4.5704484065,C1,2015,10,16,1
2015-11-16T00:00:00Z,13.167119,Neutral,13.415,216.302866786,5.1258593244,C1,2015,11,16,0
2015-12-16T12:00:00Z,3.3199372,Neutral,14.455,174.269129038,5.83868850375,C1,2015,12,16,0
2016-01-16T12:00:00Z,5.3686914,El Nino,13.415,148.3966450884,5.337776138,C1,2016,1,16,0
2016-02-15T12:00:00Z,12.543957,El Nino,NA,162.0382382325,4.71682346525,C1,2016,2,15,0
2016-03-16T12:00:00Z,59.26228,El Nino,14.5199995,281.011440075,6.397516764,C1,2016,3,16,1
2016-04-16T00:00:00Z,40.867813,El Nino,NA,277.420028975,5.62841421325,C1,2016,4,16,0
2016-05-16T12:00:00Z,14.483245,El Nino,NA,290.72050394,4.2430694794,C1,2016,5,16,1
2016-06-16T00:00:00Z,101.58646,El Nino,12.009999,310.501818625,5.86715872575,C1,2016,6,16,1
2016-07-16T12:00:00Z,216.68439,La Nina,12.52375,304.46384356,4.6154853488,C1,2016,7,16,1
2016-08-16T12:00:00Z,38.219906,La Nina,13.288333,295.03443215,4.22766921075,C1,2016,8,16,1
2016-09-15T12:00:00Z,39.8382,La Nina,17.055,291.46705325,4.5013954435,C1,2016,9,15,1
2016-10-16T12:00:00Z,76.89001,La Nina,16.27875,215.46747001,4.814164972,C1,2016,10,16,0
2016-11-15T12:00:00Z,24.610094,La Nina,15.575,266.555991375,4.629325371,C1,2016,11,15,0
2016-12-16T12:00:00Z,22.882936,La Nina,12.552143,97.8351380975,5.4527441335,C1,2016,12,16,0
2017-01-16T12:00:00Z,11.240598,Neutral,12.945,141.294953495,5.70172290125,C1,2017,1,16,0
2017-02-14T12:00:00Z,8.610591,Neutral,14.162499,223.4336514275,6.24724797125,C1,2017,2,14,0
2017-03-16T12:00:00Z,12.044651,Neutral,14.349999,283.38998885,5.66964643075,C1,2017,3,16,1
2017-04-15T12:00:00Z,27.129873,Neutral,NA,295.26474548,5.8018396582,C1,2017,4,15,1
2017-05-16T12:00:00Z,61.940056,Neutral,12.059999,282.5013069,5.72435288975,C1,2017,5,16,1
2017-06-15T12:00:00Z,63.678253,Neutral,NA,284.03093255,5.9274991425,C1,2017,6,15,1
2017-07-16T12:00:00Z,19.401073,Neutral,NA,283.77766474,4.3978558014,C1,2017,7,16,1
2017-08-16T12:00:00Z,22.865124,Neutral,17.369999,312.607956775,4.46472669925,C1,2017,8,16,1
2017-09-15T12:00:00Z,138.30977,Neutral,NA,222.79119272625,4.5812109065,C1,2017,9,15,0
2017-10-16T12:00:00Z,93.394035,Neutral,NA,77.2561411674,4.275013395,C1,2017,10,16,0
2017-11-15T12:00:00Z,27.177677,Neutral,NA,36.34859731,4.56734195625,C1,2017,11,15,0
2017-12-16T12:00:00Z,19.092678,Neutral,NA,53.58991098,4.7693379276,C1,2017,12,16,0
2018-01-16T12:00:00Z,6.180943,Neutral,13.6975,43.542055055,4.308024085,C1,2018,1,16,0
2018-02-14T12:00:00Z,41.56938,Neutral,NA,79.8668835365,5.90579451825,C1,2018,2,14,0
2018-03-16T12:00:00Z,37.373016,Neutral,NA,107.29163487325,4.939777445,C1,2018,3,16,0
2018-04-15T12:00:00Z,23.3394,Neutral,NA,331.50567438,5.1980163042,C1,2018,4,15,0
2018-05-16T12:00:00Z,19.858091,Neutral,NA,320.392317225,5.55517460325,C1,2018,5,16,1
2018-06-15T12:00:00Z,71.10808,Neutral,15.195,321.26288615,5.79748211875,C1,2018,6,15,1
2018-07-16T12:00:00Z,123.52469,Neutral,NA,316.47135814,5.3613255608,C1,2018,7,16,1
2018-08-16T12:00:00Z,25.297785,Neutral,16.904999,315.3402948,4.715621827,C1,2018,8,16,1
2018-09-15T12:00:00Z,62.87645,Neutral,NA,277.90993334,5.1826611836,C1,2018,9,15,0
2018-10-16T12:00:00Z,37.691887,Neutral,NA,326.780394025,6.29545551775,C1,2018,10,16,1
2018-11-15T12:00:00Z,76.94384,Neutral,NA,171.416769555,5.08755702875,C1,2018,11,15,0
2018-12-16T12:00:00Z,11.031082,Neutral,NA,94.064341871,6.5167486454,C1,2018,12,16,0
2019-01-16T12:00:00Z,5.6092677,Neutral,13.974999,232.278695775,6.9219694535,C1,2019,1,16,0
2019-02-14T12:00:00Z,6.715994,Neutral,13.69,247.117332375,7.982713145,C1,2019,2,14,0
2019-03-16T12:00:00Z,10.577487,Neutral,NA,244.71049534,5.9005407292,C1,2019,3,16,0
2019-04-15T12:00:00Z,19.571907,Neutral,14.41,313.813002525,6.61607142875,C1,2019,4,15,1
2019-05-16T12:00:00Z,45.13277,Neutral,NA,295.70282085,6.098465568,C1,2019,5,16,1
2019-06-15T12:00:00Z,24.702354,Neutral,15.53,298.42162988,6.0375211358,C1,2019,6,15,1
2019-07-16T12:00:00Z,19.41067,Neutral,15.514999,314.990065475,5.557973339,C1,2019,7,16,1
2019-08-16T12:00:00Z,65.27225,Neutral,16.355,330.2142609,5.44826839833333,C1,2019,8,16,0
2019-09-15T12:00:00Z,57.795895,Neutral,NA,NA,NA,C1,2019,9,15,NA
2019-10-16T12:00:00Z,54.14604,Neutral,NA,NA,NA,C1,2019,10,16,NA
2019-11-15T12:00:00Z,30.725023,Neutral,NA,330.62297,5.666847529,C1,2019,11,15,0
2019-12-16T12:00:00Z,6.467966,Neutral,13.359999,239.30456663,6.765206174,C1,2019,12,16,0
2020-01-16T12:00:00Z,6.9242344,Neutral,12.851666,267.2964820875,5.561878358,C1,2020,1,16,0
2020-02-15T00:00:00Z,13.011835,Neutral,13.04,332.82180905,6.45714085875,C1,2020,2,15,0
2020-03-16T12:00:00Z,12.858097,Neutral,13.1866665,275.5076788,5.3806007486,C1,2020,3,16,0
2020-04-15T12:00:00Z,47.018578,Neutral,14.13625,305.62674325,6.34600776175,C1,2020,4,15,1
2020-05-16T12:00:00Z,36.806393,Neutral,15.865,302.28035532,6.3542859506,C1,2020,5,16,1
2020-06-15T12:00:00Z,71.288994,Neutral,NA,296.28973275,5.586284722,C1,2020,6,15,1
2020-07-16T12:00:00Z,25.660875,Neutral,14.41,279.711865575,5.5415464205,C1,2020,7,16,0
2020-09-15T12:00:00Z,31.554441,Neutral,NA,322.5496786,5.1382139895,C1,2020,9,15,1
2020-10-16T12:00:00Z,33.107212,Neutral,15.918749,331.343052025,4.42266696375,C1,2020,10,16,0
2020-11-15T12:00:00Z,55.49073,Neutral,13.2,340.07246958,5.9261464452,C1,2020,11,15,0
2020-12-16T12:00:00Z,11.043255,Neutral,11.675833,262.2605179425,5.56783234125,C1,2020,12,16,0
2021-01-16T12:00:00Z,6.384415,La Nina,12.416249,331.7214017,5.8946663436,C1,2021,1,16,0
2021-02-14T12:00:00Z,13.939684,La Nina,12.412,269.815898975,6.873503189,C1,2021,2,14,0
2021-03-16T12:00:00Z,16.517166,La Nina,11.9175,312.389121875,6.90497302375,C1,2021,3,16,1
2021-04-15T12:00:00Z,17.726542,La Nina,12.87,316.647933225,7.25977245575,C1,2021,4,15,1
2021-05-16T12:00:00Z,10.32113,La Nina,12.491249,313.08422906,7.3016691872,C1,2021,5,16,1
2021-06-15T12:00:00Z,61.214554,La Nina,16.66,285.260471025,6.038699663,C1,2021,6,15,1
2021-07-16T12:00:00Z,9.911848,La Nina,12.091666,293.82543985,5.077241568,C1,2021,7,16,1
2021-08-16T12:00:00Z,21.697887,La Nina,14.836666,288.93443448,4.3100137726,C1,2021,8,16,1
2021-09-15T12:00:00Z,104.75298,La Nina,18.085,303.751528525,5.12721468075,C1,2021,9,15,1
2021-10-16T12:00:00Z,111.642105,La Nina,15.035,295.968648,5.658295444,C1,2021,10,16,1
2021-11-15T12:00:00Z,33.275383,La Nina,14.586999,258.44213604375,4.976551269,C1,2021,11,15,0
2021-12-16T12:00:00Z,12.458508,La Nina,12.818749,253.8763109,6.69203573175,C1,2021,12,16,0
2022-01-16T12:00:00Z,10.318815,La Nina,13.036666,146.5662514998,5.0151952404,C1,2022,1,16,0
2022-02-14T12:00:00Z,16.570587,La Nina,13.04,340.115894525,6.06705859625,C1,2022,2,14,0
2022-03-16T12:00:00Z,18.02525,La Nina,12.36,330.03323545,7.3271655205,C1,2022,3,16,0
2022-04-15T12:00:00Z,17.218262,La Nina,13.38,317.222568725,7.87145741225,C1,2022,4,15,1
2022-05-16T12:00:00Z,74.006615,La Nina,14.34,318.2580775,7.5242829308,C1,2022,5,16,1
2022-06-15T12:00:00Z,42.97099,La Nina,NA,320.72304105,6.8317659145,C1,2022,6,15,1
2022-07-16T12:00:00Z,93.36861,La Nina,15.2675,317.4930072,5.6287753994,C1,2022,7,16,1
2022-08-16T12:00:00Z,36.55723,La Nina,17.9925,322.494143325,5.48212472275,C1,2022,8,16,1
2022-09-15T12:00:00Z,23.093729,La Nina,16.806667,269.948503225,5.28714701475,C1,2022,9,15,0
2022-10-16T12:00:00Z,39.13518,La Nina,16.2575,328.70096952,5.402028512,C1,2022,10,16,1
2022-11-15T12:00:00Z,11.955587,La Nina,12.92,259.9021453375,5.19865436,C1,2022,11,15,0
2022-12-16T12:00:00Z,9.264391,La Nina,12.323333,98.860766702,4.5424917555,C1,2022,12,16,0
2023-01-16T12:00:00Z,8.171145,La Nina,12.8741665,149.4571253144,7.4347363298,C1,2023,1,16,0
2023-02-14T12:00:00Z,6.4114556,La Nina,11.0275,239.841139214,7.10884305925,C1,2023,2,14,0
2023-03-16T12:00:00Z,6.1591444,La Nina,12.811249,269.0594759,6.7935637295,C1,2023,3,16,0
2023-04-15T12:00:00Z,14.062803,La Nina,12.474999,314.44949968,6.9462236144,C1,2023,4,15,1
2023-05-16T12:00:00Z,15.077798,La Nina,13.855,308.3408401,5.7564662445,C1,2023,5,16,1
2023-06-15T12:00:00Z,28.922546,El Nino,NA,284.372914575,5.35263573125,C1,2023,6,15,1
2023-07-16T12:00:00Z,7.787551,El Nino,16.055,310.16468572,6.416504645,C1,2023,7,16,1
2023-08-16T12:00:00Z,23.034798,El Nino,15.0199995,295.75876705,4.456488943,C1,2023,8,16,1
2023-09-15T12:00:00Z,12.597029,El Nino,17.0075,302.44386475,4.63187489475,C1,2023,9,15,1
2023-10-16T12:00:00Z,19.571999,El Nino,15.5525,333.53032774,4.9328801032,C1,2023,10,16,0
2023-11-15T12:00:00Z,9.310419,El Nino,14.637499,275.962080933333,5.89367627133333,C1,2023,11,15,0
2023-12-16T12:00:00Z,9.424413,El Nino,14.466666,NA,NA,C1,2023,12,16,NA
2024-01-16T12:00:00Z,7.3426375,El Nino,13.81875,NA,NA,C1,2024,1,16,NA
2024-02-15T00:00:00Z,13.012729,El Nino,NA,NA,NA,C1,2024,2,15,NA
