"time","latitude","longitude","chlorophyll","mei","enso_event","sst","direction","speed"
2004-01-16 12:00:00,36.75,-122,1.0149286,0.2,"El Nino",12.375,92.9305544,5.457582997
2004-01-16 12:00:00,36.75,-122,1.0149286,0.2,"El Nino",12.375,55.80732804,3.591718007
2004-01-16 12:00:00,36.75,-122,1.0149286,0.2,"El Nino",12.375,41.80402679,4.154271076
2004-01-16 12:00:00,36.75,-122,1.0149286,0.2,"El Nino",12.375,339.1637203,5.532117992
2004-02-15 12:00:00,36.75,-122,46.43133,0,"La Nina",11.897142,329.7112859,5.882043122
2004-02-15 12:00:00,36.75,-122,46.43133,0,"La Nina",11.897142,60.44488227,4.154020124
2004-02-15 12:00:00,36.75,-122,46.43133,0,"La Nina",11.897142,184.4009779,5.722299074
2004-02-15 12:00:00,36.75,-122,46.43133,0,"La Nina",11.897142,210.2738622,6.121210832
2004-02-15 12:00:00,36.75,-122,46.43133,0,"La Nina",11.897142,322.5334962,6.487093511
2004-03-16 12:00:00,36.75,-122,16.278376,-0.4,"La Nina",12.816666,328.9252548,4.687344563
2004-03-16 12:00:00,36.75,-122,16.278376,-0.4,"La Nina",12.816666,326.2996134,3.606173105
2004-03-16 12:00:00,36.75,-122,16.278376,-0.4,"La Nina",12.816666,303.5890068,5.408057162
2004-03-16 12:00:00,36.75,-122,16.278376,-0.4,"La Nina",12.816666,320.8496285,6.294525957
2004-04-16,36.75,-122,8.413933,-0.2,"La Nina",12.076875,312.1304373,5.758894751
2004-04-16,36.75,-122,8.413933,-0.2,"La Nina",12.076875,304.1463397,3.9221276
2004-04-16,36.75,-122,8.413933,-0.2,"La Nina",12.076875,269.0556835,4.79170475
2004-04-16,36.75,-122,8.413933,-0.2,"La Nina",12.076875,309.0483414,4.874880576
2004-05-16 12:00:00,36.75,-122,7.4053683,-0.5,"La Nina",12.004063,303.5816816,5.914017564
2004-05-16 12:00:00,36.75,-122,7.4053683,-0.5,"La Nina",12.004063,313.0118729,8.063556029
2004-05-16 12:00:00,36.75,-122,7.4053683,-0.5,"La Nina",12.004063,294.8408116,6.305923895
2004-05-16 12:00:00,36.75,-122,7.4053683,-0.5,"La Nina",12.004063,265.5073156,4.195503412
2004-05-16 12:00:00,36.75,-122,7.4053683,-0.5,"La Nina",12.004063,315.2168611,7.279026245
2004-06-16,36.75,-122,11.259228,-0.4,"La Nina",12.151316,298.8516521,7.631614107
2004-06-16,36.75,-122,11.259228,-0.4,"La Nina",12.151316,272.1213762,4.651964491
2004-06-16,36.75,-122,11.259228,-0.4,"La Nina",12.151316,305.2813825,7.53683316
2004-06-16,36.75,-122,11.259228,-0.4,"La Nina",12.151316,277.1132839,4.987677668
2004-07-16 12:00:00,36.75,-122,7.0364,0.5,"El Nino",13.914375,229.9616692,4.24716426
2004-07-16 12:00:00,36.75,-122,7.0364,0.5,"El Nino",13.914375,313.0366704,6.155959843
2004-07-16 12:00:00,36.75,-122,7.0364,0.5,"El Nino",13.914375,293.950809,4.793324417
2004-07-16 12:00:00,36.75,-122,7.0364,0.5,"El Nino",13.914375,257.7871409,3.058840238
2004-08-16 12:00:00,36.75,-122,2.7790911,0.8,"El Nino",14.859645,305.2863345,5.68422468
2004-08-16 12:00:00,36.75,-122,2.7790911,0.8,"El Nino",14.859645,275.0230766,3.510833475
2004-08-16 12:00:00,36.75,-122,2.7790911,0.8,"El Nino",14.859645,303.3005647,4.416446928
2004-08-16 12:00:00,36.75,-122,2.7790911,0.8,"El Nino",14.859645,284.9454183,4.054170973
2004-08-16 12:00:00,36.75,-122,2.7790911,0.8,"El Nino",14.859645,291.625306,3.965659159
2004-09-16,36.75,-122,8.3810005,0.6,"El Nino",14.912646,316.3439394,4.1300765
2004-09-16,36.75,-122,8.3810005,0.6,"El Nino",14.912646,310.3483675,5.569022664
2004-09-16,36.75,-122,8.3810005,0.6,"El Nino",14.912646,310.3789169,4.133016858
2004-09-16,36.75,-122,8.3810005,0.6,"El Nino",14.912646,289.1666204,3.526647116
2004-10-16 12:00:00,36.75,-122,8.783473,0.4,"El Nino",14.62,320.5416281,4.386032012
2004-10-16 12:00:00,36.75,-122,8.783473,0.4,"El Nino",14.62,320.6361952,3.452045388
2004-10-16 12:00:00,36.75,-122,8.783473,0.4,"El Nino",14.62,203.7390991,4.86259943
2004-10-16 12:00:00,36.75,-122,8.783473,0.4,"El Nino",14.62,310.7523355,5.397159256
2004-10-16 12:00:00,36.75,-122,8.783473,0.4,"El Nino",14.62,16.04551909,5.475299751
2004-11-16,36.75,-122,6.758955,0.6,"El Nino",14.455556,258.7334283,4.258566979
2004-11-16,36.75,-122,6.758955,0.6,"El Nino",14.455556,19.22565236,3.901440487
2004-11-16,36.75,-122,6.758955,0.6,"El Nino",14.455556,4.612956459,5.591982701
2004-11-16,36.75,-122,6.758955,0.6,"El Nino",14.455556,42.50068885,5.119205196
2004-12-16 12:00:00,36.75,-122,1.7027895,0.5,"El Nino",13.173077,118.0585974,6.260308153
2004-12-16 12:00:00,36.75,-122,1.7027895,0.5,"El Nino",13.173077,68.92710856,5.471074514
2004-12-16 12:00:00,36.75,-122,1.7027895,0.5,"El Nino",13.173077,60.07407172,3.922248774
2004-12-16 12:00:00,36.75,-122,1.7027895,0.5,"El Nino",13.173077,179.349056,8.343659989
2005-01-16 12:00:00,36.75,-122,1.1045,0.1,"El Nino",13.494092,137.0256323,5.866485039
2005-01-16 12:00:00,36.75,-122,1.1045,0.1,"El Nino",13.494092,55.54815956,6.35222561
2005-01-16 12:00:00,36.75,-122,1.1045,0.1,"El Nino",13.494092,48.26298877,4.447689731
2005-01-16 12:00:00,36.75,-122,1.1045,0.1,"El Nino",13.494092,179.950964,5.214937989
2005-01-16 12:00:00,36.75,-122,1.1045,0.1,"El Nino",13.494092,35.37850919,4.558462025
2005-02-15,36.75,-122,1.0282727,0.6,"El Nino",13.516427,11.6528634,5.073428203
2005-02-15,36.75,-122,1.0282727,0.6,"El Nino",13.516427,133.8643671,5.240180261
2005-02-15,36.75,-122,1.0282727,0.6,"El Nino",13.516427,14.28305399,5.740710983
2005-02-15,36.75,-122,1.0282727,0.6,"El Nino",13.516427,181.759617,5.555605473
2005-03-16 12:00:00,36.75,-122,1.9082502,0.8,"El Nino",14.305715,332.8958457,4.225686717
2005-03-16 12:00:00,36.75,-122,1.9082502,0.8,"El Nino",14.305715,221.8200131,4.232220303
2005-03-16 12:00:00,36.75,-122,1.9082502,0.8,"El Nino",14.305715,267.2787574,6.820980882
2005-03-16 12:00:00,36.75,-122,1.9082502,0.8,"El Nino",14.305715,318.1359845,6.683024719
2005-04-16,36.75,-122,12.29461,0.1,"El Nino",12.416667,309.4056051,6.43862998
2005-04-16,36.75,-122,12.29461,0.1,"El Nino",12.416667,327.4116372,7.662186747
2005-04-16,36.75,-122,12.29461,0.1,"El Nino",12.416667,317.0722229,6.859997171
2005-04-16,36.75,-122,12.29461,0.1,"El Nino",12.416667,265.4462984,3.858487817
2005-05-16 12:00:00,36.75,-122,14.193855,0.2,"El Nino",13.585001,295.7342459,3.795174947
2005-05-16 12:00:00,36.75,-122,14.193855,0.2,"El Nino",13.585001,301.0893306,6.421455963
2005-05-16 12:00:00,36.75,-122,14.193855,0.2,"El Nino",13.585001,292.2786256,5.29922246
2005-05-16 12:00:00,36.75,-122,14.193855,0.2,"El Nino",13.585001,297.8712267,5.588119801
2005-05-16 12:00:00,36.75,-122,14.193855,0.2,"El Nino",13.585001,309.8972615,6.801940494
2005-06-16,36.75,-122,14.718051,0.2,"El Nino",12.651999,300.9889279,7.115710096
2005-06-16,36.75,-122,14.718051,0.2,"El Nino",12.651999,285.8420807,5.968362414
2005-06-16,36.75,-122,14.718051,0.2,"El Nino",12.651999,289.9947172,4.203433098
2005-06-16,36.75,-122,14.718051,0.2,"El Nino",12.651999,289.1369792,3.56588985
2005-07-16 12:00:00,36.75,-122,5.624,0,"La Nina",13.506666,305.4998509,6.073439338
2005-07-16 12:00:00,36.75,-122,5.624,0,"La Nina",13.506666,294.0791248,4.739841424
2005-07-16 12:00:00,36.75,-122,5.624,0,"La Nina",13.506666,289.4118315,3.612730938
2005-07-16 12:00:00,36.75,-122,5.624,0,"La Nina",13.506666,270.3170035,2.588917261
2005-07-16 12:00:00,36.75,-122,5.624,0,"La Nina",13.506666,308.5566608,4.007884147
2005-08-16 12:00:00,36.75,-122,10.5130005,0,"La Nina",15.065834,294.6577926,3.307390393
2005-08-16 12:00:00,36.75,-122,10.5130005,0,"La Nina",15.065834,282.341054,3.090912201
2005-08-16 12:00:00,36.75,-122,10.5130005,0,"La Nina",15.065834,293.7368573,4.977310088
2005-08-16 12:00:00,36.75,-122,10.5130005,0,"La Nina",15.065834,298.8019325,4.175794707
2005-09-16,36.75,-122,16.705723,0,"La Nina",14.004584,296.7507275,4.628504977
2005-09-16,36.75,-122,16.705723,0,"La Nina",14.004584,312.599918,5.098191248
2005-09-16,36.75,-122,16.705723,0,"La Nina",14.004584,311.760142,4.904139686
2005-09-16,36.75,-122,16.705723,0,"La Nina",14.004584,317.6112898,3.913779898
2005-10-16 12:00:00,36.75,-122,14.561443,-0.7,"La Nina",13.329642,317.6938634,6.431057308
2005-10-16 12:00:00,36.75,-122,14.561443,-0.7,"La Nina",13.329642,318.5613952,4.230981664
2005-10-16 12:00:00,36.75,-122,14.561443,-0.7,"La Nina",13.329642,314.7343543,4.770631526
2005-10-16 12:00:00,36.75,-122,14.561443,-0.7,"La Nina",13.329642,308.9774187,3.209036619
2005-10-16 12:00:00,36.75,-122,14.561443,-0.7,"La Nina",13.329642,356.8959066,3.75927318
2005-11-16,36.75,-122,19.395,-0.7,"La Nina",13.368846,317.354135,3.845939639
2005-11-16,36.75,-122,19.395,-0.7,"La Nina",13.368846,61.31230835,4.28013105
2005-11-16,36.75,-122,19.395,-0.7,"La Nina",13.368846,0.949111351,4.835262395
2005-11-16,36.75,-122,19.395,-0.7,"La Nina",13.368846,135.3046293,5.513785169
2005-12-16 12:00:00,36.75,-122,4.5631,-0.7,"La Nina",12.209445,58.07954024,4.465511563
2005-12-16 12:00:00,36.75,-122,4.5631,-0.7,"La Nina",12.209445,47.90877638,3.491806924
2005-12-16 12:00:00,36.75,-122,4.5631,-0.7,"La Nina",12.209445,150.7306197,6.191444121
2005-12-16 12:00:00,36.75,-122,4.5631,-0.7,"La Nina",12.209445,179.0833326,5.554527086
2006-01-16 12:00:00,36.75,-122,7.8875394,-0.6,"La Nina",12.677778,101.0271951,5.368524862
2006-01-16 12:00:00,36.75,-122,7.8875394,-0.6,"La Nina",12.677778,30.45633585,5.235919291
2006-01-16 12:00:00,36.75,-122,7.8875394,-0.6,"La Nina",12.677778,3.738227021,4.921271855
2006-01-16 12:00:00,36.75,-122,7.8875394,-0.6,"La Nina",12.677778,24.17380589,4.468694284
2006-01-16 12:00:00,36.75,-122,7.8875394,-0.6,"La Nina",12.677778,326.0772489,3.623922052
2006-02-15,36.75,-122,3.8004663,-0.5,"La Nina",12.049583,45.57038552,5.241529123
2006-02-15,36.75,-122,3.8004663,-0.5,"La Nina",12.049583,343.3654534,5.655143475
2006-02-15,36.75,-122,3.8004663,-0.5,"La Nina",12.049583,48.82937482,4.144453885
2006-02-15,36.75,-122,3.8004663,-0.5,"La Nina",12.049583,175.0745169,6.436900574
2006-03-16 12:00:00,36.75,-122,1.5226364,-0.6,"La Nina",11.905001,272.4364451,6.944303668
2006-03-16 12:00:00,36.75,-122,1.5226364,-0.6,"La Nina",11.905001,223.346171,5.72984447
2006-03-16 12:00:00,36.75,-122,1.5226364,-0.6,"La Nina",11.905001,229.8392488,4.738065326
2006-03-16 12:00:00,36.75,-122,1.5226364,-0.6,"La Nina",11.905001,197.6182504,6.334901433
2006-04-16,36.75,-122,2.0398,-0.8,"La Nina",12.7699995,178.6230082,6.289978638
2006-04-16,36.75,-122,2.0398,-0.8,"La Nina",12.7699995,204.1252941,5.314346662
2006-04-16,36.75,-122,2.0398,-0.8,"La Nina",12.7699995,306.1377217,6.545992303
2006-04-16,36.75,-122,2.0398,-0.8,"La Nina",12.7699995,276.9832031,4.47661196
2006-04-16,36.75,-122,2.0398,-0.8,"La Nina",12.7699995,290.9528353,5.150413541
2006-05-16 12:00:00,36.75,-122,12.0288105,-0.4,"La Nina",12.600937,321.1193822,6.578561748
2006-05-16 12:00:00,36.75,-122,12.0288105,-0.4,"La Nina",12.600937,304.8239991,5.002546238
2006-05-16 12:00:00,36.75,-122,12.0288105,-0.4,"La Nina",12.600937,283.6725152,6.054417311
2006-05-16 12:00:00,36.75,-122,12.0288105,-0.4,"La Nina",12.600937,321.4114824,6.53445873
2006-06-16,36.75,-122,56.136814,-0.2,"La Nina",12.955,310.0201285,7.001393668
2006-06-16,36.75,-122,56.136814,-0.2,"La Nina",12.955,296.2471997,5.256885785
2006-06-16,36.75,-122,56.136814,-0.2,"La Nina",12.955,285.0927008,4.750505845
2006-06-16,36.75,-122,56.136814,-0.2,"La Nina",12.955,291.1741127,3.554427236
2006-07-16 12:00:00,36.75,-122,18.522923,0.2,"El Nino",14.933332,318.3014656,7.625724781
2006-07-16 12:00:00,36.75,-122,18.522923,0.2,"El Nino",14.933332,322.0698594,5.76340758
2006-07-16 12:00:00,36.75,-122,18.522923,0.2,"El Nino",14.933332,273.2710959,3.269400691
2006-07-16 12:00:00,36.75,-122,18.522923,0.2,"El Nino",14.933332,286.0719595,3.388314149
2006-07-16 12:00:00,36.75,-122,18.522923,0.2,"El Nino",14.933332,289.4315374,4.10282625
2006-08-16 12:00:00,36.75,-122,57.2782,0.6,"El Nino",15.74,306.6682161,4.861502401
2006-08-16 12:00:00,36.75,-122,57.2782,0.6,"El Nino",15.74,270.7125284,3.516523006
2006-08-16 12:00:00,36.75,-122,57.2782,0.6,"El Nino",15.74,301.6982212,4.397078929
2006-08-16 12:00:00,36.75,-122,57.2782,0.6,"El Nino",15.74,299.9193006,3.706521829
2006-09-16,36.75,-122,20.591,0.7,"El Nino",14.4845,297.2996728,4.48209626
2006-09-16,36.75,-122,20.591,0.7,"El Nino",14.4845,305.3503559,4.449642651
2006-09-16,36.75,-122,20.591,0.7,"El Nino",14.4845,327.5213657,4.764560059
2006-09-16,36.75,-122,20.591,0.7,"El Nino",14.4845,294.2155648,2.541110065
2006-10-16 12:00:00,36.75,-122,3.853,0.8,"El Nino",15.3775,313.4565992,3.206668347
2006-10-16 12:00:00,36.75,-122,3.853,0.8,"El Nino",15.3775,285.6782602,3.566539054
2006-10-16 12:00:00,36.75,-122,3.853,0.8,"El Nino",15.3775,344.3283515,5.193670642
2006-10-16 12:00:00,36.75,-122,3.853,0.8,"El Nino",15.3775,0.951566734,3.761815474
2006-10-16 12:00:00,36.75,-122,3.853,0.8,"El Nino",15.3775,280.39049,3.463507436
2006-11-16,36.75,-122,4.9679413,1,"El Nino",14.160714,335.8879489,5.694399129
2006-11-16,36.75,-122,4.9679413,1,"El Nino",14.160714,347.4257808,4.781379388
2006-11-16,36.75,-122,4.9679413,1,"El Nino",14.160714,348.8144837,4.182704433
2006-11-16,36.75,-122,4.9679413,1,"El Nino",14.160714,13.67738238,5.540221766
2006-12-16 12:00:00,36.75,-122,1.8033572,0.6,"El Nino",12.747272,77.9804737,5.595392908
2006-12-16 12:00:00,36.75,-122,1.8033572,0.6,"El Nino",12.747272,53.15741191,4.416933357
2006-12-16 12:00:00,36.75,-122,1.8033572,0.6,"El Nino",12.747272,50.46995027,4.785347938
2006-12-16 12:00:00,36.75,-122,1.8033572,0.6,"El Nino",12.747272,45.73143498,6.441422149
2006-12-16 12:00:00,36.75,-122,1.8033572,0.6,"El Nino",12.747272,351.1765617,5.104870872
2007-01-16 12:00:00,36.75,-122,1.0471429,0.6,"El Nino",11.418948,7.808178921,6.492807974
2007-01-16 12:00:00,36.75,-122,1.0471429,0.6,"El Nino",11.418948,42.47929611,4.764284469
2007-01-16 12:00:00,36.75,-122,1.0471429,0.6,"El Nino",11.418948,25.67404271,4.3863793
2007-01-16 12:00:00,36.75,-122,1.0471429,0.6,"El Nino",11.418948,5.155205297,4.211724871
2007-02-15,36.75,-122,1.1015384,0.4,"El Nino",12.247778,147.6002003,5.276665175
2007-02-15,36.75,-122,1.1015384,0.4,"El Nino",12.247778,318.891099,4.98572332
2007-02-15,36.75,-122,1.1015384,0.4,"El Nino",12.247778,295.8121457,7.306465768
2007-02-15,36.75,-122,1.1015384,0.4,"El Nino",12.247778,282.1426512,6.381780794
2007-03-16 12:00:00,36.75,-122,34.28225,-0.2,"La Nina",11.527727,316.9420633,4.587316088
2007-03-16 12:00:00,36.75,-122,34.28225,-0.2,"La Nina",11.527727,325.451468,4.875335634
2007-03-16 12:00:00,36.75,-122,34.28225,-0.2,"La Nina",11.527727,303.8890084,5.650595186
2007-03-16 12:00:00,36.75,-122,34.28225,-0.2,"La Nina",11.527727,314.6642591,5.80197732
2007-04-16,36.75,-122,4.0678573,-0.3,"La Nina",10.655,313.8046445,6.024702785
2007-04-16,36.75,-122,4.0678573,-0.3,"La Nina",10.655,310.1273452,7.101698742
2007-04-16,36.75,-122,4.0678573,-0.3,"La Nina",10.655,313.3515465,7.747493956
2007-04-16,36.75,-122,4.0678573,-0.3,"La Nina",10.655,310.5387036,6.392045608
2007-04-16,36.75,-122,4.0678573,-0.3,"La Nina",10.655,296.9029422,5.52494219
2007-05-16 12:00:00,36.75,-122,38.182125,-0.4,"La Nina",10.855834,293.0743842,4.626318094
2007-05-16 12:00:00,36.75,-122,38.182125,-0.4,"La Nina",10.855834,309.1347529,7.80801058
2007-05-16 12:00:00,36.75,-122,38.182125,-0.4,"La Nina",10.855834,297.7091304,6.109208742
2007-05-16 12:00:00,36.75,-122,38.182125,-0.4,"La Nina",10.855834,276.7895799,4.192041417
2007-06-16,36.75,-122,10.476213,-0.8,"La Nina",12.107501,307.556918,6.450946173
2007-06-16,36.75,-122,10.476213,-0.8,"La Nina",12.107501,302.2624013,6.118346185
2007-06-16,36.75,-122,10.476213,-0.8,"La Nina",12.107501,275.708825,5.64736462
2007-06-16,36.75,-122,10.476213,-0.8,"La Nina",12.107501,308.3556256,7.314177776
2007-07-16 12:00:00,36.75,-122,4.5114546,-0.7,"La Nina",13.786501,295.2817269,6.23114531
2007-07-16 12:00:00,36.75,-122,4.5114546,-0.7,"La Nina",13.786501,233.509092,3.687261463
2007-07-16 12:00:00,36.75,-122,4.5114546,-0.7,"La Nina",13.786501,305.500223,6.056076486
2007-07-16 12:00:00,36.75,-122,4.5114546,-0.7,"La Nina",13.786501,311.3081307,6.542299343
2007-07-16 12:00:00,36.75,-122,4.5114546,-0.7,"La Nina",13.786501,295.747146,3.986837524
2007-08-16 12:00:00,36.75,-122,8.168734,-0.9,"La Nina",14.004168,303.3745423,5.019586241
2007-08-16 12:00:00,36.75,-122,8.168734,-0.9,"La Nina",14.004168,313.5664381,7.360742779
2007-08-16 12:00:00,36.75,-122,8.168734,-0.9,"La Nina",14.004168,295.1717177,4.70816152
2007-08-16 12:00:00,36.75,-122,8.168734,-0.9,"La Nina",14.004168,282.450755,3.068735652
2007-09-16,36.75,-122,6.0408187,-1.1,"La Nina",15.2617655,308.7985184,5.140534556
2007-09-16,36.75,-122,6.0408187,-1.1,"La Nina",15.2617655,301.062603,3.709371154
2007-09-16,36.75,-122,6.0408187,-1.1,"La Nina",15.2617655,305.5869991,4.837597783
2007-09-16,36.75,-122,6.0408187,-1.1,"La Nina",15.2617655,323.5500618,4.181009538
2007-09-16,36.75,-122,6.0408187,-1.1,"La Nina",15.2617655,323.442851,6.227707043
2007-10-16 12:00:00,36.75,-122,17.757591,-1.1,"La Nina",13.725999,324.9805539,4.819660777
2007-10-16 12:00:00,36.75,-122,17.757591,-1.1,"La Nina",13.725999,322.8620982,4.199240519
2007-10-16 12:00:00,36.75,-122,17.757591,-1.1,"La Nina",13.725999,353.9955669,4.44965287
2007-10-16 12:00:00,36.75,-122,17.757591,-1.1,"La Nina",13.725999,333.1407697,4.134576736
2007-11-16,36.75,-122,14.940249,-1.1,"La Nina",12.936817,112.8708821,2.884560861
2007-11-16,36.75,-122,14.940249,-1.1,"La Nina",12.936817,354.4565261,4.880556591
2007-11-16,36.75,-122,14.940249,-1.1,"La Nina",12.936817,11.18040127,4.075761137
2007-11-16,36.75,-122,14.940249,-1.1,"La Nina",12.936817,4.81270664,4.67596818
2007-12-16 12:00:00,36.75,-122,15.578845,-1.2,"La Nina",11.4180765,22.75643605,5.895913657
2007-12-16 12:00:00,36.75,-122,15.578845,-1.2,"La Nina",11.4180765,34.11414187,4.462863456
2007-12-16 12:00:00,36.75,-122,15.578845,-1.2,"La Nina",11.4180765,64.30194924,5.524743144
2007-12-16 12:00:00,36.75,-122,15.578845,-1.2,"La Nina",11.4180765,4.062597199,5.908467921
2007-12-16 12:00:00,36.75,-122,15.578845,-1.2,"La Nina",11.4180765,112.2537816,7.015724499
2008-01-16 12:00:00,36.75,-122,1.5752224,-1.1,"La Nina",11.632857,41.65168253,4.345177653
2008-01-16 12:00:00,36.75,-122,1.5752224,-1.1,"La Nina",11.632857,45.43454693,5.370595898
2008-01-16 12:00:00,36.75,-122,1.5752224,-1.1,"La Nina",11.632857,124.5508736,6.123399739
2008-01-16 12:00:00,36.75,-122,1.5752224,-1.1,"La Nina",11.632857,335.8231556,6.44678091
2008-02-15 12:00:00,36.75,-122,2.4519289,-1.3,"La Nina",11.164999,351.2726233,6.497483861
2008-02-15 12:00:00,36.75,-122,2.4519289,-1.3,"La Nina",11.164999,344.5674607,5.31362167
2008-02-15 12:00:00,36.75,-122,2.4519289,-1.3,"La Nina",11.164999,250.9628801,4.078593623
2008-02-15 12:00:00,36.75,-122,2.4519289,-1.3,"La Nina",11.164999,323.5932126,5.82789478
2008-03-16 12:00:00,36.75,-122,26.753685,-1.5,"La Nina",11.158,347.5233235,5.143440015
2008-03-16 12:00:00,36.75,-122,26.753685,-1.5,"La Nina",11.158,319.9499466,5.624430186
2008-03-16 12:00:00,36.75,-122,26.753685,-1.5,"La Nina",11.158,326.1470482,7.006412007
2008-03-16 12:00:00,36.75,-122,26.753685,-1.5,"La Nina",11.158,321.7498844,6.78380646
2008-03-16 12:00:00,36.75,-122,26.753685,-1.5,"La Nina",11.158,317.0899643,5.593670968
2008-04-16,36.75,-122,27.50925,-1.1,"La Nina",10.484706,325.8484585,6.194243423
2008-04-16,36.75,-122,27.50925,-1.1,"La Nina",10.484706,322.4085419,7.155750168
2008-04-16,36.75,-122,27.50925,-1.1,"La Nina",10.484706,319.068712,5.713853441
2008-04-16,36.75,-122,27.50925,-1.1,"La Nina",10.484706,319.8349858,7.886629577
2008-05-16 12:00:00,36.75,-122,2.5077145,-1,"La Nina",11.1235,300.1932694,6.304318792
2008-05-16 12:00:00,36.75,-122,2.5077145,-1,"La Nina",11.1235,311.6703414,5.168598584
2008-05-16 12:00:00,36.75,-122,2.5077145,-1,"La Nina",11.1235,298.5369775,7.805855346
2008-05-16 12:00:00,36.75,-122,2.5077145,-1,"La Nina",11.1235,287.7989359,3.65787816
2008-06-16,36.75,-122,2.6234999,-0.8,"La Nina",11.635666,315.4331628,9.400241155
2008-06-16,36.75,-122,2.6234999,-0.8,"La Nina",11.635666,299.2512587,6.152920324
2008-06-16,36.75,-122,2.6234999,-0.8,"La Nina",11.635666,316.8850376,5.51057207
2008-06-16,36.75,-122,2.6234999,-0.8,"La Nina",11.635666,294.7895878,5.944135763
2008-06-16,36.75,-122,2.6234999,-0.8,"La Nina",11.635666,305.4982137,5.490163397
2008-07-16 12:00:00,36.75,-122,16.0666,-0.8,"La Nina",14.175999,256.61191,3.916113464
2008-07-16 12:00:00,36.75,-122,16.0666,-0.8,"La Nina",14.175999,305.099485,5.534730332
2008-07-16 12:00:00,36.75,-122,16.0666,-0.8,"La Nina",14.175999,311.6365367,5.754448191
2008-07-16 12:00:00,36.75,-122,16.0666,-0.8,"La Nina",14.175999,319.7243277,6.330989542
2008-08-16 12:00:00,36.75,-122,9.725555,-1,"La Nina",14.125555,314.380017,6.126778806
2008-08-16 12:00:00,36.75,-122,9.725555,-1,"La Nina",14.125555,302.9773387,3.625952256
2008-08-16 12:00:00,36.75,-122,9.725555,-1,"La Nina",14.125555,291.8115433,4.259658636
2008-08-16 12:00:00,36.75,-122,9.725555,-1,"La Nina",14.125555,291.9224838,4.261347931
2008-08-16 12:00:00,36.75,-122,9.725555,-1,"La Nina",14.125555,316.7068584,4.585859528
2008-09-16,36.75,-122,5.173177,-1,"La Nina",15.714617,277.2489102,3.424194299
2008-09-16,36.75,-122,5.173177,-1,"La Nina",15.714617,302.4600933,3.522686083
2008-09-16,36.75,-122,5.173177,-1,"La Nina",15.714617,323.9261898,5.041882017
2008-09-16,36.75,-122,5.173177,-1,"La Nina",15.714617,287.8959829,3.325132956
2008-10-16 12:00:00,36.75,-122,4.752529,-1.1,"La Nina",14.322859,323.0868777,7.220003457
2008-10-16 12:00:00,36.75,-122,4.752529,-1.1,"La Nina",14.322859,349.9089738,4.23658386
2008-10-16 12:00:00,36.75,-122,4.752529,-1.1,"La Nina",14.322859,345.3701654,4.072033997
2008-10-16 12:00:00,36.75,-122,4.752529,-1.1,"La Nina",14.322859,266.5344106,5.467843953
2008-11-16,36.75,-122,2.840941,-1,"La Nina",13.158334,323.071167,4.670442041
2008-11-16,36.75,-122,2.840941,-1,"La Nina",13.158334,333.8520019,5.412523881
2008-11-16,36.75,-122,2.840941,-1,"La Nina",13.158334,4.426354181,4.192233317
2008-11-16,36.75,-122,2.840941,-1,"La Nina",13.158334,35.83292143,4.081298001
2008-11-16,36.75,-122,2.840941,-1,"La Nina",13.158334,57.63287444,4.461301254
2008-12-16 12:00:00,36.75,-122,0.98331255,-1,"La Nina",12.539499,357.681691,5.610011071
2008-12-16 12:00:00,36.75,-122,0.98331255,-1,"La Nina",12.539499,21.53389522,5.170444034
2008-12-16 12:00:00,36.75,-122,0.98331255,-1,"La Nina",12.539499,52.03193054,5.79205393
2008-12-16 12:00:00,36.75,-122,0.98331255,-1,"La Nina",12.539499,14.7956484,4.625350961
2009-01-16 12:00:00,36.75,-122,1.5490474,-1,"La Nina",11.897353,65.95859563,4.794630816
2009-01-16 12:00:00,36.75,-122,1.5490474,-1,"La Nina",11.897353,77.66212536,4.682861069
2009-01-16 12:00:00,36.75,-122,1.5490474,-1,"La Nina",11.897353,104.0293917,3.834535222
2009-01-16 12:00:00,36.75,-122,1.5490474,-1,"La Nina",11.897353,350.0370935,5.555153288
2009-02-15,36.75,-122,6.6688175,-0.8,"La Nina",12.115833,128.6631466,4.593813443
2009-02-15,36.75,-122,6.6688175,-0.8,"La Nina",12.115833,250.1672153,5.98075339
2009-02-15,36.75,-122,6.6688175,-0.8,"La Nina",12.115833,155.4125946,6.261916781
2009-02-15,36.75,-122,6.6688175,-0.8,"La Nina",12.115833,194.1022882,5.151713416
2009-03-16 12:00:00,36.75,-122,4.288056,-0.9,"La Nina",11.367856,189.9555506,6.287861813
2009-03-16 12:00:00,36.75,-122,4.288056,-0.9,"La Nina",11.367856,324.344083,6.430294841
2009-03-16 12:00:00,36.75,-122,4.288056,-0.9,"La Nina",11.367856,304.8959915,5.291617615
2009-03-16 12:00:00,36.75,-122,4.288056,-0.9,"La Nina",11.367856,313.6524404,7.479060399
2009-03-16 12:00:00,36.75,-122,4.288056,-0.9,"La Nina",11.367856,315.7812753,8.829870614
2009-04-16,36.75,-122,9.750905,-0.8,"La Nina",10.394,229.285426,5.253473529
2009-04-16,36.75,-122,9.750905,-0.8,"La Nina",10.394,312.5643735,9.007252913
2009-04-16,36.75,-122,9.750905,-0.8,"La Nina",10.394,287.8865296,5.122706254
2009-04-16,36.75,-122,9.750905,-0.8,"La Nina",10.394,288.1069832,5.908182876
2009-05-16 12:00:00,36.75,-122,4.0281,-0.7,"La Nina",11.784444,307.2459989,8.164778369
2009-05-16 12:00:00,36.75,-122,4.0281,-0.7,"La Nina",11.784444,310.5499938,8.839168179
2009-05-16 12:00:00,36.75,-122,4.0281,-0.7,"La Nina",11.784444,273.5180256,4.493821326
2009-05-16 12:00:00,36.75,-122,4.0281,-0.7,"La Nina",11.784444,250.5919795,4.233435465
2009-05-16 12:00:00,36.75,-122,4.0281,-0.7,"La Nina",11.784444,275.0532988,3.505007814
2009-06-16,36.75,-122,2.860889,0,"La Nina",14.0595,272.9716373,4.950343333
2009-06-16,36.75,-122,2.860889,0,"La Nina",14.0595,297.1858276,5.877023289
2009-06-16,36.75,-122,2.860889,0,"La Nina",14.0595,275.4633765,5.163396003
2009-06-16,36.75,-122,2.860889,0,"La Nina",14.0595,220.233225,3.229043421
2009-07-16 12:00:00,36.75,-122,1.127625,0.6,"El Nino",13.764501,307.4893511,6.873474183
2009-07-16 12:00:00,36.75,-122,1.127625,0.6,"El Nino",13.764501,294.4219785,4.525895114
2009-07-16 12:00:00,36.75,-122,1.127625,0.6,"El Nino",13.764501,310.1338934,6.680007994
2009-07-16 12:00:00,36.75,-122,1.127625,0.6,"El Nino",13.764501,293.9805705,4.17761005
2009-08-16 12:00:00,36.75,-122,3.27483,0.6,"El Nino",14.568637,296.1385459,4.127129606
2009-08-16 12:00:00,36.75,-122,3.27483,0.6,"El Nino",14.568637,294.5789615,4.8994107
2009-08-16 12:00:00,36.75,-122,3.27483,0.6,"El Nino",14.568637,278.549938,3.185624789
2009-08-16 12:00:00,36.75,-122,3.27483,0.6,"El Nino",14.568637,310.1194939,3.776864353
2009-08-16 12:00:00,36.75,-122,3.27483,0.6,"El Nino",14.568637,314.5274515,6.274693579
2009-09-16,36.75,-122,9.91522,0.4,"El Nino",13.650999,299.2040642,4.143186973
2009-09-16,36.75,-122,9.91522,0.4,"El Nino",13.650999,290.7493875,4.28046386
2009-09-16,36.75,-122,9.91522,0.4,"El Nino",13.650999,315.5903545,4.126013956
2009-09-16,36.75,-122,9.91522,0.4,"El Nino",13.650999,298.2636007,5.699621624
2009-10-16 12:00:00,36.75,-122,4.595583,0.6,"El Nino",13.867143,308.3298043,4.25127806
2009-10-16 12:00:00,36.75,-122,4.595583,0.6,"El Nino",13.867143,208.8507066,5.594281854
2009-10-16 12:00:00,36.75,-122,4.595583,0.6,"El Nino",13.867143,340.9102324,5.155639408
2009-10-16 12:00:00,36.75,-122,4.595583,0.6,"El Nino",13.867143,348.0846301,6.597540404
2009-11-16,36.75,-122,24.042181,1,"El Nino",12.864333,22.73112119,4.393315448
2009-11-16,36.75,-122,24.042181,1,"El Nino",12.864333,8.832780709,5.052908779
2009-11-16,36.75,-122,24.042181,1,"El Nino",12.864333,4.446325863,5.022607862
2009-11-16,36.75,-122,24.042181,1,"El Nino",12.864333,13.67612755,5.386664494
2009-11-16,36.75,-122,24.042181,1,"El Nino",12.864333,21.68613787,3.843632333
2009-12-16 12:00:00,36.75,-122,4.3672,1,"El Nino",12.336666,95.12535967,5.691412522
2009-12-16 12:00:00,36.75,-122,4.3672,1,"El Nino",12.336666,93.20824171,4.597676846
2009-12-16 12:00:00,36.75,-122,4.3672,1,"El Nino",12.336666,68.20224773,5.557668843
2009-12-16 12:00:00,36.75,-122,4.3672,1,"El Nino",12.336666,82.45191779,3.97803438
2010-01-16 12:00:00,36.75,-122,1.0908571,0.9,"El Nino",12.661428,67.4768507,4.730918337
2010-01-16 12:00:00,36.75,-122,1.0908571,0.9,"El Nino",12.661428,118.6930808,4.889884891
2010-01-16 12:00:00,36.75,-122,1.0908571,0.9,"El Nino",12.661428,187.5335742,8.03784882
2010-01-16 12:00:00,36.75,-122,1.0908571,0.9,"El Nino",12.661428,116.3979393,4.727283069
2010-01-16 12:00:00,36.75,-122,1.0908571,0.9,"El Nino",12.661428,143.9542845,4.794505775
2010-02-15,36.75,-122,0.793909,1.3,"El Nino",12.900625,355.1637507,5.022756371
2010-02-15,36.75,-122,0.793909,1.3,"El Nino",12.900625,320.4199128,4.263702195
2010-02-15,36.75,-122,0.793909,1.3,"El Nino",12.900625,213.6231245,5.617660306
2010-02-15,36.75,-122,0.793909,1.3,"El Nino",12.900625,274.6424904,5.060175755
2010-03-16 12:00:00,36.75,-122,14.201799,1.3,"El Nino",12.923888,332.6420397,7.208973781
2010-03-16 12:00:00,36.75,-122,14.201799,1.3,"El Nino",12.923888,8.349321181,4.66710022
2010-03-16 12:00:00,36.75,-122,14.201799,1.3,"El Nino",12.923888,331.7848262,5.519540062
2010-03-16 12:00:00,36.75,-122,14.201799,1.3,"El Nino",12.923888,293.1674707,5.107248548
2010-04-16,36.75,-122,27.801203,0.5,"El Nino",12.2825,318.6205596,6.586530468
2010-04-16,36.75,-122,27.801203,0.5,"El Nino",12.2825,289.7612226,5.801429707
2010-04-16,36.75,-122,27.801203,0.5,"El Nino",12.2825,315.5321047,6.27334624
2010-04-16,36.75,-122,27.801203,0.5,"El Nino",12.2825,321.7926357,7.098313555
2010-05-16 12:00:00,36.75,-122,37.130737,-0.1,"La Nina",11.25909,330.6721896,7.869800026
2010-05-16 12:00:00,36.75,-122,37.130737,-0.1,"La Nina",11.25909,315.3071701,6.081160028
2010-05-16 12:00:00,36.75,-122,37.130737,-0.1,"La Nina",11.25909,316.637353,5.966232708
2010-05-16 12:00:00,36.75,-122,37.130737,-0.1,"La Nina",11.25909,273.7602256,4.955328706
2010-05-16 12:00:00,36.75,-122,37.130737,-0.1,"La Nina",11.25909,321.6607088,5.612584008
2010-06-16,36.75,-122,2.6318824,-1.3,"La Nina",11.778236,324.5993498,7.915269193
2010-06-16,36.75,-122,2.6318824,-1.3,"La Nina",11.778236,312.2094065,6.30389462
2010-06-16,36.75,-122,2.6318824,-1.3,"La Nina",11.778236,319.2630354,5.934720704
2010-06-16,36.75,-122,2.6318824,-1.3,"La Nina",11.778236,297.0948956,5.621260442
2010-07-16 12:00:00,36.75,-122,1.00425,-2.4,"La Nina",13.064999,275.0565898,4.045929588
2010-07-16 12:00:00,36.75,-122,1.00425,-2.4,"La Nina",13.064999,289.2285169,3.649904337
2010-07-16 12:00:00,36.75,-122,1.00425,-2.4,"La Nina",13.064999,306.1780282,4.255328769
2010-07-16 12:00:00,36.75,-122,1.00425,-2.4,"La Nina",13.064999,293.0672148,3.979744581
2010-08-16 12:00:00,36.75,-122,2.5056665,-2.4,"La Nina",14.180499,313.5414412,4.320318151
2010-08-16 12:00:00,36.75,-122,2.5056665,-2.4,"La Nina",14.180499,296.6784689,3.284668782
2010-08-16 12:00:00,36.75,-122,2.5056665,-2.4,"La Nina",14.180499,327.8566159,4.919427318
2010-08-16 12:00:00,36.75,-122,2.5056665,-2.4,"La Nina",14.180499,312.1713091,4.794070955
2010-08-16 12:00:00,36.75,-122,2.5056665,-2.4,"La Nina",14.180499,312.370831,4.248854367
2010-09-16,36.75,-122,5.195842,-2.3,"La Nina",14.055,302.1353887,4.58451678
2010-09-16,36.75,-122,5.195842,-2.3,"La Nina",14.055,303.5816636,3.3773675
2010-09-16,36.75,-122,5.195842,-2.3,"La Nina",14.055,332.4094193,4.781315087
2010-09-16,36.75,-122,5.195842,-2.3,"La Nina",14.055,326.2151054,4.925874771
2010-10-16 12:00:00,36.75,-122,0.8269167,-2.2,"La Nina",13.895999,315.7758188,3.627295006
2010-10-16 12:00:00,36.75,-122,0.8269167,-2.2,"La Nina",13.895999,311.6242198,3.745297232
2010-10-16 12:00:00,36.75,-122,0.8269167,-2.2,"La Nina",13.895999,310.0214818,3.799024058
2010-10-16 12:00:00,36.75,-122,0.8269167,-2.2,"La Nina",13.895999,160.1302768,5.559666893
2010-10-16 12:00:00,36.75,-122,0.8269167,-2.2,"La Nina",13.895999,321.687937,3.755897349
2010-11-16,36.75,-122,2.544,-2,"La Nina",13.305001,334.0858801,4.875818936
2010-11-16,36.75,-122,2.544,-2,"La Nina",13.305001,300.3134723,3.99875845
2010-11-16,36.75,-122,2.544,-2,"La Nina",13.305001,295.4737715,6.090378604
2010-11-16,36.75,-122,2.544,-2,"La Nina",13.305001,44.43199557,4.776872934
2010-12-16 12:00:00,36.75,-122,1.1891,-1.9,"La Nina",12.225,123.9007761,4.029828001
2010-12-16 12:00:00,36.75,-122,1.1891,-1.9,"La Nina",12.225,69.75781515,5.218849364
2010-12-16 12:00:00,36.75,-122,1.1891,-1.9,"La Nina",12.225,161.1250766,6.070175102
2010-12-16 12:00:00,36.75,-122,1.1891,-1.9,"La Nina",12.225,47.10636642,6.215004763
2011-01-16 12:00:00,36.75,-122,7.624824,-1.8,"La Nina",12.195356,69.58469466,5.980828914
2011-01-16 12:00:00,36.75,-122,7.624824,-1.8,"La Nina",12.195356,45.58759255,4.193106024
2011-01-16 12:00:00,36.75,-122,7.624824,-1.8,"La Nina",12.195356,346.0477872,5.171575496
2011-01-16 12:00:00,36.75,-122,7.624824,-1.8,"La Nina",12.195356,46.59367768,4.318826381
2011-01-16 12:00:00,36.75,-122,7.624824,-1.8,"La Nina",12.195356,357.7295743,4.517504331
2011-02-15,36.75,-122,1.8812997,-1.6,"La Nina",12.289999,6.224187319,5.466304699
2011-02-15,36.75,-122,1.8812997,-1.6,"La Nina",12.289999,197.9171222,7.604368386
2011-02-15,36.75,-122,1.8812997,-1.6,"La Nina",12.289999,323.2135647,5.460860227
2011-02-15,36.75,-122,1.8812997,-1.6,"La Nina",12.289999,154.7239143,5.034776307
2011-03-16 12:00:00,36.75,-122,0.6484,-1.7,"La Nina",12.114166,314.6965672,5.995015827
2011-03-16 12:00:00,36.75,-122,0.6484,-1.7,"La Nina",12.114166,223.0714395,5.194255773
2011-03-16 12:00:00,36.75,-122,0.6484,-1.7,"La Nina",12.114166,206.9433177,7.216363257
2011-03-16 12:00:00,36.75,-122,0.6484,-1.7,"La Nina",12.114166,323.0249981,5.647615718
2011-04-16,36.75,-122,1.1126666,-1.7,"La Nina",12.025001,322.3257199,6.654558022
2011-04-16,36.75,-122,1.1126666,-1.7,"La Nina",12.025001,326.3908285,5.906705654
2011-04-16,36.75,-122,1.1126666,-1.7,"La Nina",12.025001,281.3139225,5.317602459
2011-04-16,36.75,-122,1.1126666,-1.7,"La Nina",12.025001,311.0050353,7.734223136
2011-05-16 12:00:00,36.75,-122,0.29868752,-1.2,"La Nina",11.295938,317.2291507,6.485014812
2011-05-16 12:00:00,36.75,-122,0.29868752,-1.2,"La Nina",11.295938,300.3933101,6.522851172
2011-05-16 12:00:00,36.75,-122,0.29868752,-1.2,"La Nina",11.295938,259.2164786,6.786817577
2011-05-16 12:00:00,36.75,-122,0.29868752,-1.2,"La Nina",11.295938,300.6910325,6.799985815
2011-05-16 12:00:00,36.75,-122,0.29868752,-1.2,"La Nina",11.295938,246.9693329,5.653319469
2011-06-16,36.75,-122,3.875286,-1,"La Nina",12.791154,295.2635567,6.541780317
2011-06-16,36.75,-122,3.875286,-1,"La Nina",12.791154,296.3827735,5.935772035
2011-06-16,36.75,-122,3.875286,-1,"La Nina",12.791154,301.350473,5.091484647
2011-06-16,36.75,-122,3.875286,-1,"La Nina",12.791154,307.9886036,6.387473838
2011-07-16 12:00:00,36.75,-122,4.3988,-0.7,"La Nina",13.4295845,287.8921062,3.934974526
2011-07-16 12:00:00,36.75,-122,4.3988,-0.7,"La Nina",13.4295845,298.0706431,6.190963879
2011-07-16 12:00:00,36.75,-122,4.3988,-0.7,"La Nina",13.4295845,294.7891815,4.197500707
2011-07-16 12:00:00,36.75,-122,4.3988,-0.7,"La Nina",13.4295845,254.4334485,3.911722658
2011-07-16 12:00:00,36.75,-122,4.3988,-0.7,"La Nina",13.4295845,289.7257494,3.918817632
2011-08-16 12:00:00,36.75,-122,17.549334,-0.8,"La Nina",13.815001,306.4341366,5.131176135
2011-08-16 12:00:00,36.75,-122,17.549334,-0.8,"La Nina",13.815001,303.5754369,5.20605166
2011-08-16 12:00:00,36.75,-122,17.549334,-0.8,"La Nina",13.815001,311.0575715,3.67221307
2011-08-16 12:00:00,36.75,-122,17.549334,-0.8,"La Nina",13.815001,262.0581834,3.51879154
2011-09-16,36.75,-122,2.6571002,-1.1,"La Nina",NA,306.3666338,4.483720076
2011-09-16,36.75,-122,2.6571002,-1.1,"La Nina",NA,307.7004519,4.669426429
2011-09-16,36.75,-122,2.6571002,-1.1,"La Nina",NA,291.0007196,3.457714619
2011-09-16,36.75,-122,2.6571002,-1.1,"La Nina",NA,266.0774267,4.305993709
2011-10-16 12:00:00,36.75,-122,1.7559412,-1.3,"La Nina",NA,283.7720794,4.373960261
2011-10-16 12:00:00,36.75,-122,1.7559412,-1.3,"La Nina",NA,327.7383269,4.161604741
2011-10-16 12:00:00,36.75,-122,1.7559412,-1.3,"La Nina",NA,322.1844862,3.973452388
2011-10-16 12:00:00,36.75,-122,1.7559412,-1.3,"La Nina",NA,318.246431,3.807189772
2011-10-16 12:00:00,36.75,-122,1.7559412,-1.3,"La Nina",NA,342.3649588,4.869349319
2011-11-16,36.75,-122,0.56462497,-1.1,"La Nina",13.364499,58.24627516,4.608320338
2011-11-16,36.75,-122,0.56462497,-1.1,"La Nina",13.364499,339.7120992,4.200077502
2011-11-16,36.75,-122,0.56462497,-1.1,"La Nina",13.364499,112.4396299,5.613266636
2011-11-16,36.75,-122,0.56462497,-1.1,"La Nina",13.364499,353.8442432,5.368158344
2011-12-16 12:00:00,36.75,-122,0.5218261,-1.2,"La Nina",NA,67.79529928,4.328690568
2011-12-16 12:00:00,36.75,-122,0.5218261,-1.2,"La Nina",NA,60.51653229,4.113861114
2011-12-16 12:00:00,36.75,-122,0.5218261,-1.2,"La Nina",NA,42.83306146,4.529499992
2011-12-16 12:00:00,36.75,-122,0.5218261,-1.2,"La Nina",NA,15.34017271,4.646124242
2012-01-16 12:00:00,36.75,-122,0.60207146,-1.1,"La Nina",12.0025,8.311557182,4.967348757
2012-01-16 12:00:00,36.75,-122,0.60207146,-1.1,"La Nina",12.0025,59.90337104,4.10319938
2012-01-16 12:00:00,36.75,-122,0.60207146,-1.1,"La Nina",12.0025,15.60871847,5.984754638
2012-01-16 12:00:00,36.75,-122,0.60207146,-1.1,"La Nina",12.0025,346.0015679,5.128828771
2012-01-16 12:00:00,36.75,-122,0.60207146,-1.1,"La Nina",12.0025,28.77011726,4.393695725
2012-02-15 12:00:00,36.75,-122,1.034875,-0.7,"La Nina",11.828635,84.0012053,4.384824726
2012-02-15 12:00:00,36.75,-122,1.034875,-0.7,"La Nina",11.828635,322.998009,6.918983934
2012-02-15 12:00:00,36.75,-122,1.034875,-0.7,"La Nina",11.828635,332.9340176,6.113620456
2012-02-15 12:00:00,36.75,-122,1.034875,-0.7,"La Nina",11.828635,305.2569519,5.748581193
2012-03-16 12:00:00,36.75,-122,1.5385555,-0.6,"La Nina",10.819284,331.2140083,6.249313008
2012-03-16 12:00:00,36.75,-122,1.5385555,-0.6,"La Nina",10.819284,201.0199536,6.29105512
2012-03-16 12:00:00,36.75,-122,1.5385555,-0.6,"La Nina",10.819284,308.3229196,5.647004818
2012-03-16 12:00:00,36.75,-122,1.5385555,-0.6,"La Nina",10.819284,177.2774475,5.331910319
2012-04-16,36.75,-122,0.7479167,-0.4,"La Nina",11.344667,326.4654707,7.645900227
2012-04-16,36.75,-122,0.7479167,-0.4,"La Nina",11.344667,188.5071797,5.360553973
2012-04-16,36.75,-122,0.7479167,-0.4,"La Nina",11.344667,298.0012059,5.668578821
2012-04-16,36.75,-122,0.7479167,-0.4,"La Nina",11.344667,303.363326,7.021917166
2012-05-16 12:00:00,36.75,-122,2.61,-0.3,"La Nina",10.819499,297.2534337,5.128262504
2012-05-16 12:00:00,36.75,-122,2.61,-0.3,"La Nina",10.819499,296.3660105,5.755557776
2012-05-16 12:00:00,36.75,-122,2.61,-0.3,"La Nina",10.819499,309.5437234,8.485065158
2012-05-16 12:00:00,36.75,-122,2.61,-0.3,"La Nina",10.819499,310.8450352,6.430464276
2012-06-16,36.75,-122,13.168421,-0.3,"La Nina",11.962777,308.5175027,7.604898126
2012-06-16,36.75,-122,13.168421,-0.3,"La Nina",11.962777,305.8573093,5.259929549
2012-06-16,36.75,-122,13.168421,-0.3,"La Nina",11.962777,261.8956693,4.003695649
2012-06-16,36.75,-122,13.168421,-0.3,"La Nina",11.962777,317.3603654,5.561091306
2012-07-16 12:00:00,36.75,-122,8.098454,0.3,"El Nino",13.197499,304.6817141,6.175653162
2012-07-16 12:00:00,36.75,-122,8.098454,0.3,"El Nino",13.197499,306.1903596,5.645785071
2012-07-16 12:00:00,36.75,-122,8.098454,0.3,"El Nino",13.197499,293.0069585,4.302443406
2012-07-16 12:00:00,36.75,-122,8.098454,0.3,"El Nino",13.197499,254.5771383,4.103985934
2012-07-16 12:00:00,36.75,-122,8.098454,0.3,"El Nino",13.197499,302.8930187,4.549336882
2012-08-16 12:00:00,36.75,-122,3.9995558,0,"La Nina",13.600454,NA,NA
2012-09-16,36.75,-122,4.78575,-0.3,"La Nina",13.53889,319.476727,5.705433572
2012-09-16,36.75,-122,4.78575,-0.3,"La Nina",13.53889,312.9982385,6.276232666
2012-09-16,36.75,-122,4.78575,-0.3,"La Nina",13.53889,281.720364,2.595929633
2012-09-16,36.75,-122,4.78575,-0.3,"La Nina",13.53889,307.5936678,4.081902774
2012-10-16 12:00:00,36.75,-122,1.5903332,-0.2,"La Nina",14.575334,316.8511311,3.5902145
2012-10-16 12:00:00,36.75,-122,1.5903332,-0.2,"La Nina",14.575334,321.0257348,5.426377416
2012-10-16 12:00:00,36.75,-122,1.5903332,-0.2,"La Nina",14.575334,301.5690815,4.558612069
2012-10-16 12:00:00,36.75,-122,1.5903332,-0.2,"La Nina",14.575334,350.0478676,3.771580118
2012-11-16,36.75,-122,0.5956,0,"La Nina",14.642186,330.2765309,4.267871819
2012-11-16,36.75,-122,0.5956,0,"La Nina",14.642186,79.84042831,5.178944624
2012-11-16,36.75,-122,0.5956,0,"La Nina",14.642186,48.02006703,4.911978254
2012-11-16,36.75,-122,0.5956,0,"La Nina",14.642186,231.2673946,6.459217803
2012-12-16 12:00:00,36.75,-122,0.41281816,0,"La Nina",13.745001,187.1476852,5.331644545
2012-12-16 12:00:00,36.75,-122,0.41281816,0,"La Nina",13.745001,334.08589,4.846932622
2013-01-16 12:00:00,36.75,-122,11.58305,-0.1,"La Nina",11.983334,NA,NA
2013-02-15,36.75,-122,1.4742857,-0.1,"La Nina",11.478825,NA,NA
2013-03-16 12:00:00,36.75,-122,3.5680768,-0.1,"La Nina",11.649999,3.896356152,6.62649069
2013-03-16 12:00:00,36.75,-122,3.5680768,-0.1,"La Nina",11.649999,8.991059326,5.80963258
2013-03-16 12:00:00,36.75,-122,3.5680768,-0.1,"La Nina",11.649999,337.0815445,4.323306453
2013-03-16 12:00:00,36.75,-122,3.5680768,-0.1,"La Nina",11.649999,280.0811179,4.184662617
2013-04-16,36.75,-122,4.193473,-0.3,"La Nina",10.869445,312.7261893,8.747740184
2013-04-16,36.75,-122,4.193473,-0.3,"La Nina",10.869445,316.9027829,7.768846184
2013-04-16,36.75,-122,4.193473,-0.3,"La Nina",10.869445,295.9776801,4.082508361
2013-04-16,36.75,-122,4.193473,-0.3,"La Nina",10.869445,306.9608588,4.627423668
2013-05-16 12:00:00,36.75,-122,2.5241578,-0.7,"La Nina",11.844232,280.6280595,5.944548137
2013-05-16 12:00:00,36.75,-122,2.5241578,-0.7,"La Nina",11.844232,306.090628,6.991704033
2013-05-16 12:00:00,36.75,-122,2.5241578,-0.7,"La Nina",11.844232,312.2068417,8.840112439
2013-05-16 12:00:00,36.75,-122,2.5241578,-0.7,"La Nina",11.844232,299.8434871,6.443376306
2013-06-16,36.75,-122,11.371785,-1.1,"La Nina",12.537083,260.7907048,3.895132473
2013-06-16,36.75,-122,11.371785,-1.1,"La Nina",12.537083,299.4495882,5.940694945
2013-06-16,36.75,-122,11.371785,-1.1,"La Nina",12.537083,311.9785168,8.012785769
2013-06-16,36.75,-122,11.371785,-1.1,"La Nina",12.537083,277.9974047,4.268244058
2013-06-16,36.75,-122,11.371785,-1.1,"La Nina",12.537083,279.484414,3.883909728
2013-07-16 12:00:00,36.75,-122,1.212,-0.8,"La Nina",14.099001,274.3294485,3.390690373
2013-07-16 12:00:00,36.75,-122,1.212,-0.8,"La Nina",14.099001,303.22591,4.729224459
2013-07-16 12:00:00,36.75,-122,1.212,-0.8,"La Nina",14.099001,272.0437863,2.49093073
2013-07-16 12:00:00,36.75,-122,1.212,-0.8,"La Nina",14.099001,259.1797466,3.430838187
2013-08-16 12:00:00,36.75,-122,5.4264,-0.4,"La Nina",15.024375,NA,NA
2013-09-16,36.75,-122,16.1673,-0.3,"La Nina",14.190276,257.629829,5.282107097
2013-09-16,36.75,-122,16.1673,-0.3,"La Nina",14.190276,301.8844497,5.510429685
2013-09-16,36.75,-122,16.1673,-0.3,"La Nina",14.190276,311.4257087,5.03283593
2013-10-16 12:00:00,36.75,-122,24.921125,-0.1,"La Nina",13.626875,268.3174558,3.96529128
2013-10-16 12:00:00,36.75,-122,24.921125,-0.1,"La Nina",13.626875,331.7093113,4.167908162
2013-10-16 12:00:00,36.75,-122,24.921125,-0.1,"La Nina",13.626875,305.8147726,3.739585827
2013-10-16 12:00:00,36.75,-122,24.921125,-0.1,"La Nina",13.626875,292.331563,4.968590392
2013-11-16,36.75,-122,3.881647,-0.2,"La Nina",13.348463,320.0118614,4.99718944
2013-11-16,36.75,-122,3.881647,-0.2,"La Nina",13.348463,309.4117418,5.069058439
2013-11-16,36.75,-122,3.881647,-0.2,"La Nina",13.348463,17.26502108,4.078377944
2013-11-16,36.75,-122,3.881647,-0.2,"La Nina",13.348463,23.95751872,3.852997388
2013-12-16 12:00:00,36.75,-122,1.0433334,-0.3,"La Nina",NA,322.8875974,5.662635723
2013-12-16 12:00:00,36.75,-122,1.0433334,-0.3,"La Nina",NA,31.32655241,5.640058857
2013-12-16 12:00:00,36.75,-122,1.0433334,-0.3,"La Nina",NA,342.8055694,5.164562565
2013-12-16 12:00:00,36.75,-122,1.0433334,-0.3,"La Nina",NA,28.88995927,4.238760371
2013-12-16 12:00:00,36.75,-122,1.0433334,-0.3,"La Nina",NA,359.2333446,3.946051692
2014-01-16 12:00:00,36.75,-122,0.87466675,-0.5,"La Nina",3.494,338.8363097,4.230662426
2014-01-16 12:00:00,36.75,-122,0.87466675,-0.5,"La Nina",3.494,20.72921095,4.925565926
2014-01-16 12:00:00,36.75,-122,0.87466675,-0.5,"La Nina",3.494,12.26966789,3.690266633
2014-01-16 12:00:00,36.75,-122,0.87466675,-0.5,"La Nina",3.494,300.0090193,4.855389573
2014-02-15,36.75,-122,0.9810834,-0.4,"La Nina",12.48225,9.112822584,5.876116099
2014-02-15,36.75,-122,0.9810834,-0.4,"La Nina",12.48225,294.8968791,4.673736232
2014-02-15,36.75,-122,0.9810834,-0.4,"La Nina",12.48225,314.2473219,5.087086175
2014-02-15,36.75,-122,0.9810834,-0.4,"La Nina",12.48225,148.9122151,5.843685905
2014-03-16 12:00:00,36.75,-122,4.8292665,0,"La Nina",13.27875,195.8021945,3.925013889
2014-03-16 12:00:00,36.75,-122,4.8292665,0,"La Nina",13.27875,327.8818776,4.177176097
2014-03-16 12:00:00,36.75,-122,4.8292665,0,"La Nina",13.27875,297.2714896,4.714934645
2014-03-16 12:00:00,36.75,-122,4.8292665,0,"La Nina",13.27875,235.3645606,3.826280192
2014-03-16 12:00:00,36.75,-122,4.8292665,0,"La Nina",13.27875,253.6653682,5.27737866
2014-04-16,36.75,-122,15.41925,-0.2,"La Nina",13.143126,282.682307,3.5367699
2014-04-16,36.75,-122,15.41925,-0.2,"La Nina",13.143126,287.0748255,5.520201738
2014-04-16,36.75,-122,15.41925,-0.2,"La Nina",13.143126,290.2511352,6.138167419
2014-04-16,36.75,-122,15.41925,-0.2,"La Nina",13.143126,302.4066722,4.396895203
2014-05-16 12:00:00,36.75,-122,19.5012,-0.2,"La Nina",12.145453,278.7412291,6.442871059
2014-05-16 12:00:00,36.75,-122,19.5012,-0.2,"La Nina",12.145453,302.4505915,5.736250964
2014-05-16 12:00:00,36.75,-122,19.5012,-0.2,"La Nina",12.145453,270.0838386,5.089505982
2014-05-16 12:00:00,36.75,-122,19.5012,-0.2,"La Nina",12.145453,294.2388683,6.914753054
2014-06-16,36.75,-122,7.7632146,0,"La Nina",13.274615,246.9326583,3.006582509
2014-06-16,36.75,-122,7.7632146,0,"La Nina",13.274615,241.8892237,4.627638872
2014-06-16,36.75,-122,7.7632146,0,"La Nina",13.274615,284.0201099,6.274192918
2014-06-16,36.75,-122,7.7632146,0,"La Nina",13.274615,281.7102236,5.519670717
2014-06-16,36.75,-122,7.7632146,0,"La Nina",13.274615,268.5176646,4.364074137
2014-07-16,36.75,-122,0.9001802,0.4,"El Nino",15.545,244.3375522,3.788723011
2014-07-16,36.75,-122,0.9001802,0.4,"El Nino",15.545,276.1810575,3.335412589
2014-07-16,36.75,-122,0.9001802,0.4,"El Nino",15.545,302.0683606,3.485021721
2014-07-16,36.75,-122,0.9001802,0.4,"El Nino",15.545,314.802187,4.476609019
2014-08-16,36.75,-122,2.0559654,0.2,"El Nino",17.6395,305.9893755,3.974751762
2014-08-16,36.75,-122,2.0559654,0.2,"El Nino",17.6395,278.3960008,3.136972956
2014-08-16,36.75,-122,2.0559654,0.2,"El Nino",17.6395,273.947918,3.678108711
2014-08-16,36.75,-122,2.0559654,0.2,"El Nino",17.6395,302.3037406,3.962432255
2014-08-16,36.75,-122,2.0559654,0.2,"El Nino",17.6395,272.1343352,3.913036317
2014-09-16,36.75,-122,1.4531845,-0.1,"La Nina",17.097187,328.4957975,4.066099566
2014-09-16,36.75,-122,1.4531845,-0.1,"La Nina",17.097187,315.8133153,3.882947703
2014-09-16,36.75,-122,1.4531845,-0.1,"La Nina",17.097187,325.7982364,4.215407101
2014-09-16,36.75,-122,1.4531845,-0.1,"La Nina",17.097187,354.8291449,4.251793529
2014-10-16,36.75,-122,1.193695,0.1,"El Nino",16.998846,339.4113288,4.951668222
2014-10-16,36.75,-122,1.193695,0.1,"El Nino",16.998846,202.228662,3.944954555
2014-10-16,36.75,-122,1.193695,0.1,"El Nino",16.998846,350.0834301,4.424088053
2014-10-16,36.75,-122,1.193695,0.1,"El Nino",16.998846,334.5763544,5.00078286
2014-11-16,36.75,-122,9.5553,0.4,"El Nino",15.979229,17.94441597,4.347136911
2014-11-16,36.75,-122,9.5553,0.4,"El Nino",15.979229,279.5071181,3.196548475
2014-11-16,36.75,-122,9.5553,0.4,"El Nino",15.979229,91.76329341,4.27970955
2014-11-16,36.75,-122,9.5553,0.4,"El Nino",15.979229,65.82638387,4.17895535
2014-11-16,36.75,-122,9.5553,0.4,"El Nino",15.979229,154.2100915,5.563842636
2014-12-16,36.75,-122,1.3198894,0.4,"El Nino",15.854284,121.0634187,4.317257595
2014-12-16,36.75,-122,1.3198894,0.4,"El Nino",15.854284,137.4505518,5.444306788
2014-12-16,36.75,-122,1.3198894,0.4,"El Nino",15.854284,15.33265832,5.440125421
2014-12-16,36.75,-122,1.3198894,0.4,"El Nino",15.854284,57.5243858,5.842413424
2015-01-16 12:00:00,36.75,-122,3.401713,0.2,"El Nino",14.511388,84.1296043,4.217287255
2015-01-16 12:00:00,36.75,-122,3.401713,0.2,"El Nino",14.511388,38.8018706,4.19843518
2015-01-16 12:00:00,36.75,-122,3.401713,0.2,"El Nino",14.511388,53.12587281,4.787542973
2015-01-16 12:00:00,36.75,-122,3.401713,0.2,"El Nino",14.511388,47.68719092,4.427751394
2015-02-15,36.75,-122,0.70612407,0.1,"El Nino",14.833461,163.4671086,6.191380319
2015-02-15,36.75,-122,0.70612407,0.1,"El Nino",14.833461,64.77364039,5.436042059
2015-02-15,36.75,-122,0.70612407,0.1,"El Nino",14.833461,333.1324384,3.19765646
2015-02-15,36.75,-122,0.70612407,0.1,"El Nino",14.833461,344.989922,5.500386352
2015-03-16 12:00:00,36.75,-122,24.298355,0.2,"El Nino",13.847776,42.64140712,4.435675966
2015-03-16 12:00:00,36.75,-122,24.298355,0.2,"El Nino",13.847776,354.3016361,4.207907397
2015-03-16 12:00:00,36.75,-122,24.298355,0.2,"El Nino",13.847776,340.3758155,4.85835044
2015-03-16 12:00:00,36.75,-122,24.298355,0.2,"El Nino",13.847776,334.2208706,5.029270575
2015-03-16 12:00:00,36.75,-122,24.298355,0.2,"El Nino",13.847776,338.4079051,6.671457983
2015-04-16,36.75,-122,8.293431,0.3,"El Nino",11.894167,304.8269296,4.665295591
2015-04-16,36.75,-122,8.293431,0.3,"El Nino",11.894167,334.5185487,5.561213158
2015-04-16,36.75,-122,8.293431,0.3,"El Nino",11.894167,282.9410711,4.279089029
2015-04-16,36.75,-122,8.293431,0.3,"El Nino",11.894167,315.0043339,5.547709334
2015-05-16 12:00:00,36.75,-122,36.922867,1,"El Nino",12.049168,285.6500004,4.721051693
2015-05-16 12:00:00,36.75,-122,36.922867,1,"El Nino",12.049168,312.3393793,5.597297752
2015-05-16 12:00:00,36.75,-122,36.922867,1,"El Nino",12.049168,297.5645585,4.846385071
2015-05-16 12:00:00,36.75,-122,36.922867,1,"El Nino",12.049168,313.9861337,5.222957234
2015-05-16 12:00:00,36.75,-122,36.922867,1,"El Nino",12.049168,287.6239363,4.709350308
2015-06-16,36.75,-122,14.064146,1.9,"El Nino",13.3645,293.4770913,3.457228746
2015-06-16,36.75,-122,14.064146,1.9,"El Nino",13.3645,322.261724,6.239431858
2015-06-16,36.75,-122,14.064146,1.9,"El Nino",13.3645,294.0379897,4.861499551
2015-06-16,36.75,-122,14.064146,1.9,"El Nino",13.3645,294.9167767,3.580011483
2015-07-16 12:00:00,36.75,-122,1.4057454,1.8,"El Nino",16.933332,288.7398072,3.71626639
2015-07-16 12:00:00,36.75,-122,1.4057454,1.8,"El Nino",16.933332,271.0831437,4.718267101
2015-07-16 12:00:00,36.75,-122,1.4057454,1.8,"El Nino",16.933332,322.4769127,5.087286448
2015-07-16 12:00:00,36.75,-122,1.4057454,1.8,"El Nino",16.933332,269.7321352,3.794183136
2015-08-16 12:00:00,36.75,-122,2.9751444,2,"El Nino",17.821249,270.2270373,3.43615503
2015-08-16 12:00:00,36.75,-122,2.9751444,2,"El Nino",17.821249,296.6849909,4.880242719
2015-08-16 12:00:00,36.75,-122,2.9751444,2,"El Nino",17.821249,269.9744002,3.389241466
2015-08-16 12:00:00,36.75,-122,2.9751444,2,"El Nino",17.821249,301.0553321,5.020073433
2015-08-16 12:00:00,36.75,-122,2.9751444,2,"El Nino",17.821249,286.1078135,5.10171323
2015-09-16,36.75,-122,2.9928,2.2,"El Nino",17.705,303.4256217,4.667223217
2015-09-16,36.75,-122,2.9928,2.2,"El Nino",17.705,289.8634476,4.705112027
2015-09-16,36.75,-122,2.9928,2.2,"El Nino",17.705,306.4483806,5.668038468
2015-09-16,36.75,-122,2.9928,2.2,"El Nino",17.705,290.4583643,3.824118788
2015-10-16 12:00:00,36.75,-122,0.98347706,2.2,"El Nino",17.735,321.5829752,4.445165404
2015-10-16 12:00:00,36.75,-122,0.98347706,2.2,"El Nino",17.735,300.3190932,3.903476212
2015-10-16 12:00:00,36.75,-122,0.98347706,2.2,"El Nino",17.735,314.5367512,4.845066859
2015-10-16 12:00:00,36.75,-122,0.98347706,2.2,"El Nino",17.735,319.3779459,5.088085151
2015-11-16,36.75,-122,2.2430766,1.9,"El Nino",15.535714,331.7176841,5.503699007
2015-11-16,36.75,-122,2.2430766,1.9,"El Nino",15.535714,355.9456875,4.407901055
2015-11-16,36.75,-122,2.2430766,1.9,"El Nino",15.535714,323.8571159,5.881974142
2015-11-16,36.75,-122,2.2430766,1.9,"El Nino",15.535714,11.07594006,4.717864863
2015-11-16,36.75,-122,2.2430766,1.9,"El Nino",15.535714,58.91790637,5.117857555
2015-12-16 12:00:00,36.75,-122,0.78054756,1.9,"El Nino",14.184,342.4002071,4.487985275
2015-12-16 12:00:00,36.75,-122,0.78054756,1.9,"El Nino",14.184,6.853957562,6.321161829
2015-12-16 12:00:00,36.75,-122,0.78054756,1.9,"El Nino",14.184,297.0288094,7.56518811
2015-12-16 12:00:00,36.75,-122,0.78054756,1.9,"El Nino",14.184,50.79354209,4.980418801
2016-01-16 12:00:00,36.75,-122,0.9750822,1.9,"El Nino",13.855,115.472769,5.353834238
2016-01-16 12:00:00,36.75,-122,0.9750822,1.9,"El Nino",13.855,114.9885249,4.907755558
2016-01-16 12:00:00,36.75,-122,0.9750822,1.9,"El Nino",13.855,156.8099557,5.370138523
2016-01-16 12:00:00,36.75,-122,0.9750822,1.9,"El Nino",13.855,349.2122358,4.352707968
2016-01-16 12:00:00,36.75,-122,0.9750822,1.9,"El Nino",13.855,5.499740042,6.704444403
2016-02-15 12:00:00,36.75,-122,2.167338,1.8,"El Nino",13.518749,13.2062991,4.484589359
2016-02-15 12:00:00,36.75,-122,2.167338,1.8,"El Nino",13.518749,275.9193413,5.321551777
2016-02-15 12:00:00,36.75,-122,2.167338,1.8,"El Nino",13.518749,342.0478083,4.218018086
2016-02-15 12:00:00,36.75,-122,2.167338,1.8,"El Nino",13.518749,16.97950423,4.843134639
2016-03-16 12:00:00,36.75,-122,3.5368216,1.3,"El Nino",14.551666,211.0233157,7.099423066
2016-03-16 12:00:00,36.75,-122,3.5368216,1.3,"El Nino",14.551666,306.3944379,5.635350803
2016-03-16 12:00:00,36.75,-122,3.5368216,1.3,"El Nino",14.551666,302.5113317,5.991914892
2016-03-16 12:00:00,36.75,-122,3.5368216,1.3,"El Nino",14.551666,304.116675,6.863378295
2016-04-16,36.75,-122,19.449865,1.3,"El Nino",12.849284,271.1824719,4.348049441
2016-04-16,36.75,-122,19.449865,1.3,"El Nino",12.849284,292.2139348,5.451348694
2016-04-16,36.75,-122,19.449865,1.3,"El Nino",12.849284,221.7152586,3.7665196
2016-04-16,36.75,-122,19.449865,1.3,"El Nino",12.849284,324.5684506,8.947739118
2016-05-16 12:00:00,36.75,-122,5.382235,1.2,"El Nino",13.428844,260.1398287,3.772943283
2016-05-16 12:00:00,36.75,-122,5.382235,1.2,"El Nino",13.428844,300.2122851,3.12382513
2016-05-16 12:00:00,36.75,-122,5.382235,1.2,"El Nino",13.428844,301.739083,6.276115428
2016-05-16 12:00:00,36.75,-122,5.382235,1.2,"El Nino",13.428844,313.2482632,5.026867309
2016-05-16 12:00:00,36.75,-122,5.382235,1.2,"El Nino",13.428844,278.2630597,3.015596247
2016-06-16,36.75,-122,14.793401,0.4,"El Nino",13.482188,308.0720063,4.989849052
2016-06-16,36.75,-122,14.793401,0.4,"El Nino",13.482188,292.3462575,4.613766875
2016-06-16,36.75,-122,14.793401,0.4,"El Nino",13.482188,328.7756424,7.718773607
2016-06-16,36.75,-122,14.793401,0.4,"El Nino",13.482188,312.8133683,6.146245369
2016-07-16 12:00:00,36.75,-122,8.7155075,-0.5,"La Nina",13.1744995,288.3280955,4.297735369
2016-07-16 12:00:00,36.75,-122,8.7155075,-0.5,"La Nina",13.1744995,312.2263766,5.54256223
2016-07-16 12:00:00,36.75,-122,8.7155075,-0.5,"La Nina",13.1744995,324.4265648,6.739787668
2016-07-16 12:00:00,36.75,-122,8.7155075,-0.5,"La Nina",13.1744995,311.8832951,3.485972519
2016-07-16 12:00:00,36.75,-122,8.7155075,-0.5,"La Nina",13.1744995,285.4548858,3.011368958
2016-08-16 12:00:00,36.75,-122,9.742836,-0.3,"La Nina",14.169167,294.4893385,4.264654006
2016-08-16 12:00:00,36.75,-122,9.742836,-0.3,"La Nina",14.169167,284.6995442,3.32024526
2016-08-16 12:00:00,36.75,-122,9.742836,-0.3,"La Nina",14.169167,296.3457978,3.35654595
2016-08-16 12:00:00,36.75,-122,9.742836,-0.3,"La Nina",14.169167,304.6030481,5.969231627
2016-09-15 12:00:00,36.75,-122,6.312395,-0.3,"La Nina",15.133096,286.3862196,4.146096515
2016-09-15 12:00:00,36.75,-122,6.312395,-0.3,"La Nina",15.133096,267.2395083,4.271833207
2016-09-15 12:00:00,36.75,-122,6.312395,-0.3,"La Nina",15.133096,300.9801357,5.448223348
2016-09-15 12:00:00,36.75,-122,6.312395,-0.3,"La Nina",15.133096,311.2623494,4.139428704
2016-10-16 12:00:00,36.75,-122,4.055792,-0.5,"La Nina",15.061333,327.4757594,4.516788817
2016-10-16 12:00:00,36.75,-122,4.055792,-0.5,"La Nina",15.061333,215.7742966,3.644980069
2016-10-16 12:00:00,36.75,-122,4.055792,-0.5,"La Nina",15.061333,306.2732647,5.852644038
2016-10-16 12:00:00,36.75,-122,4.055792,-0.5,"La Nina",15.061333,168.9075002,5.005505795
2016-10-16 12:00:00,36.75,-122,4.055792,-0.5,"La Nina",15.061333,58.90652915,5.050906141
2016-11-15 12:00:00,36.75,-122,5.130846,-0.5,"La Nina",15.4330015,344.4244621,3.569283216
2016-11-15 12:00:00,36.75,-122,5.130846,-0.5,"La Nina",15.4330015,343.5687818,5.522943633
2016-11-15 12:00:00,36.75,-122,5.130846,-0.5,"La Nina",15.4330015,40.3594579,4.48006402
2016-11-15 12:00:00,36.75,-122,5.130846,-0.5,"La Nina",15.4330015,337.8712637,4.945010615
2016-12-16 12:00:00,36.75,-122,3.1076684,-0.4,"La Nina",12.9225,2.36491421,5.175884951
2016-12-16 12:00:00,36.75,-122,3.1076684,-0.4,"La Nina",12.9225,312.7834594,5.642799465
2016-12-16 12:00:00,36.75,-122,3.1076684,-0.4,"La Nina",12.9225,26.83788983,5.559348945
2016-12-16 12:00:00,36.75,-122,3.1076684,-0.4,"La Nina",12.9225,49.35428895,5.432943173
2017-01-16 12:00:00,36.75,-122,3.3683329,-0.4,"La Nina",12.650768,161.0669314,6.225879452
2017-01-16 12:00:00,36.75,-122,3.3683329,-0.4,"La Nina",12.650768,223.7684769,5.736157491
2017-01-16 12:00:00,36.75,-122,3.3683329,-0.4,"La Nina",12.650768,55.89567498,4.820602018
2017-01-16 12:00:00,36.75,-122,3.3683329,-0.4,"La Nina",12.650768,124.4487307,6.024252644
2017-02-14 12:00:00,36.75,-122,2.1083922,-0.4,"La Nina",13.478749,182.3989614,7.233859812
2017-02-14 12:00:00,36.75,-122,2.1083922,-0.4,"La Nina",13.478749,91.51329071,5.902331382
2017-02-14 12:00:00,36.75,-122,2.1083922,-0.4,"La Nina",13.478749,280.3129683,6.825961975
2017-02-14 12:00:00,36.75,-122,2.1083922,-0.4,"La Nina",13.478749,339.5093853,5.026838716
2017-03-16 12:00:00,36.75,-122,4.7433305,-0.6,"La Nina",13.596428,310.3026664,5.238088807
2017-03-16 12:00:00,36.75,-122,4.7433305,-0.6,"La Nina",13.596428,304.05839,4.242408568
2017-03-16 12:00:00,36.75,-122,4.7433305,-0.6,"La Nina",13.596428,208.2351411,5.646289298
2017-03-16 12:00:00,36.75,-122,4.7433305,-0.6,"La Nina",13.596428,310.9637579,7.55179905
2017-04-15 12:00:00,36.75,-122,2.1044645,-0.2,"La Nina",12.68111,274.1730182,5.761390833
2017-04-15 12:00:00,36.75,-122,2.1044645,-0.2,"La Nina",12.68111,311.8166205,5.849221073
2017-04-15 12:00:00,36.75,-122,2.1044645,-0.2,"La Nina",12.68111,298.7520085,4.13954915
2017-04-15 12:00:00,36.75,-122,2.1044645,-0.2,"La Nina",12.68111,294.2501282,6.995008587
2017-04-15 12:00:00,36.75,-122,2.1044645,-0.2,"La Nina",12.68111,297.331952,6.264028648
2017-05-16 12:00:00,36.75,-122,27.50189,0.2,"El Nino",12.3125,279.7059245,5.007982555
2017-05-16 12:00:00,36.75,-122,27.50189,0.2,"El Nino",12.3125,296.026792,6.768121667
2017-05-16 12:00:00,36.75,-122,27.50189,0.2,"El Nino",12.3125,253.8533494,3.562059114
2017-05-16 12:00:00,36.75,-122,27.50189,0.2,"El Nino",12.3125,300.4191617,7.559248223
2017-06-15 12:00:00,36.75,-122,8.014238,-0.2,"La Nina",13.45875,285.2394218,6.007831918
2017-06-15 12:00:00,36.75,-122,8.014238,-0.2,"La Nina",13.45875,299.8916624,7.426280787
2017-06-15 12:00:00,36.75,-122,8.014238,-0.2,"La Nina",13.45875,251.9547562,3.731455318
2017-06-15 12:00:00,36.75,-122,8.014238,-0.2,"La Nina",13.45875,299.0378898,6.544428547
2017-07-16 12:00:00,36.75,-122,3.8009229,-0.6,"La Nina",13.84,293.7149918,4.995682445
2017-07-16 12:00:00,36.75,-122,3.8009229,-0.6,"La Nina",13.84,297.1009706,4.125906284
2017-07-16 12:00:00,36.75,-122,3.8009229,-0.6,"La Nina",13.84,305.9330404,6.700471788
2017-07-16 12:00:00,36.75,-122,3.8009229,-0.6,"La Nina",13.84,248.1390299,3.289270162
2017-07-16 12:00:00,36.75,-122,3.8009229,-0.6,"La Nina",13.84,274.000291,2.877948328
2017-08-16 12:00:00,36.75,-122,1.9699013,-0.7,"La Nina",15.46,326.3481476,5.700316743
2017-08-16 12:00:00,36.75,-122,1.9699013,-0.7,"La Nina",15.46,264.4107061,3.248218053
2017-08-16 12:00:00,36.75,-122,1.9699013,-0.7,"La Nina",15.46,320.3728233,3.913988127
2017-08-16 12:00:00,36.75,-122,1.9699013,-0.7,"La Nina",15.46,339.3001501,4.996383874
2017-09-15 12:00:00,36.75,-122,18.182926,-0.7,"La Nina",16.706665,262.0654707,3.518866418
2017-09-15 12:00:00,36.75,-122,18.182926,-0.7,"La Nina",16.706665,286.4618472,4.617225573
2017-09-15 12:00:00,36.75,-122,18.182926,-0.7,"La Nina",16.706665,338.9438566,5.480272163
2017-09-15 12:00:00,36.75,-122,18.182926,-0.7,"La Nina",16.706665,3.693596405,4.708479472
2017-10-16 12:00:00,36.75,-122,35.980793,-0.6,"La Nina",14.6189995,347.0291317,5.17419108
2017-10-16 12:00:00,36.75,-122,35.980793,-0.6,"La Nina",14.6189995,2.968698354,4.401524658
2017-10-16 12:00:00,36.75,-122,35.980793,-0.6,"La Nina",14.6189995,2.788059977,4.456872112
2017-10-16 12:00:00,36.75,-122,35.980793,-0.6,"La Nina",14.6189995,7.866032326,3.980695378
2017-10-16 12:00:00,36.75,-122,35.980793,-0.6,"La Nina",14.6189995,25.62878348,3.361783747
2017-11-15 12:00:00,36.75,-122,13.128553,-0.6,"La Nina",15.15625,62.61309525,4.231252007
2017-11-15 12:00:00,36.75,-122,13.128553,-0.6,"La Nina",15.15625,24.5883544,4.764364591
2017-11-15 12:00:00,36.75,-122,13.128553,-0.6,"La Nina",15.15625,37.03478322,4.038904715
2017-11-15 12:00:00,36.75,-122,13.128553,-0.6,"La Nina",15.15625,21.15815637,5.234846512
2017-12-16 12:00:00,36.75,-122,4.191441,-0.7,"La Nina",15.094999,60.45762312,5.171897543
2017-12-16 12:00:00,36.75,-122,4.191441,-0.7,"La Nina",15.094999,45.99267839,5.809336666
2017-12-16 12:00:00,36.75,-122,4.191441,-0.7,"La Nina",15.094999,45.61033916,4.892285103
2017-12-16 12:00:00,36.75,-122,4.191441,-0.7,"La Nina",15.094999,35.53391479,3.838930418
2017-12-16 12:00:00,36.75,-122,4.191441,-0.7,"La Nina",15.094999,80.35499944,4.134239908
2018-01-16 12:00:00,36.75,-122,2.2326093,-0.8,"La Nina",13.375,71.56618514,4.545881926
2018-01-16 12:00:00,36.75,-122,2.2326093,-0.8,"La Nina",13.375,16.1881783,4.336447481
2018-01-16 12:00:00,36.75,-122,2.2326093,-0.8,"La Nina",13.375,47.32773358,3.901049049
2018-01-16 12:00:00,36.75,-122,2.2326093,-0.8,"La Nina",13.375,39.0861232,4.448717884
2018-02-14 12:00:00,36.75,-122,3.4837632,-0.7,"La Nina",12.705001,23.45300663,4.549779825
2018-02-14 12:00:00,36.75,-122,3.4837632,-0.7,"La Nina",12.705001,14.56577433,5.5863601
2018-02-14 12:00:00,36.75,-122,3.4837632,-0.7,"La Nina",12.705001,0.920961186,7.474387567
2018-02-14 12:00:00,36.75,-122,3.4837632,-0.7,"La Nina",12.705001,280.527792,6.012650581
2018-03-16 12:00:00,36.75,-122,1.7632072,-0.8,"La Nina",12.773749,34.71939854,4.016023621
2018-03-16 12:00:00,36.75,-122,1.7632072,-0.8,"La Nina",12.773749,239.0869395,5.377816294
2018-03-16 12:00:00,36.75,-122,1.7632072,-0.8,"La Nina",12.773749,151.3913416,5.576736807
2018-03-16 12:00:00,36.75,-122,1.7632072,-0.8,"La Nina",12.773749,3.968859853,4.788533058
2018-04-15 12:00:00,36.75,-122,13.916548,-1.3,"La Nina",13.15,331.426224,5.510253092
2018-04-15 12:00:00,36.75,-122,13.916548,-1.3,"La Nina",13.15,347.3624927,6.103679533
2018-04-15 12:00:00,36.75,-122,13.916548,-1.3,"La Nina",13.15,334.4493808,5.074025932
2018-04-15 12:00:00,36.75,-122,13.916548,-1.3,"La Nina",13.15,311.3348216,3.3214298
2018-04-15 12:00:00,36.75,-122,13.916548,-1.3,"La Nina",13.15,332.9554528,5.980693164
2018-05-16 12:00:00,36.75,-122,12.883033,-0.9,"La Nina",13.116,331.4438925,6.619545478
2018-05-16 12:00:00,36.75,-122,12.883033,-0.9,"La Nina",13.116,314.0032631,4.870023335
2018-05-16 12:00:00,36.75,-122,12.883033,-0.9,"La Nina",13.116,308.5301828,4.84769061
2018-05-16 12:00:00,36.75,-122,12.883033,-0.9,"La Nina",13.116,327.5919305,5.88343899
2018-06-15 12:00:00,36.75,-122,15.5737505,-0.5,"La Nina",13.3324995,329.8711935,7.219928079
2018-06-15 12:00:00,36.75,-122,15.5737505,-0.5,"La Nina",13.3324995,317.3950159,6.057609586
2018-06-15 12:00:00,36.75,-122,15.5737505,-0.5,"La Nina",13.3324995,324.6891024,5.74891039
2018-06-15 12:00:00,36.75,-122,15.5737505,-0.5,"La Nina",13.3324995,313.0962328,4.16348042
2018-07-16 12:00:00,36.75,-122,3.343847,0,"La Nina",14.7,294.4855249,4.569683242
2018-07-16 12:00:00,36.75,-122,3.343847,0,"La Nina",14.7,314.008331,5.715492703
2018-07-16 12:00:00,36.75,-122,3.343847,0,"La Nina",14.7,291.4576116,3.25636893
2018-07-16 12:00:00,36.75,-122,3.343847,0,"La Nina",14.7,337.7983161,6.639125324
2018-07-16 12:00:00,36.75,-122,3.343847,0,"La Nina",14.7,344.6070071,6.625957605
2018-08-16 12:00:00,36.75,-122,2.6144056,0.5,"El Nino",15.495832,353.1530151,6.297011117
2018-08-16 12:00:00,36.75,-122,2.6144056,0.5,"El Nino",15.495832,320.7816259,4.988095238
2018-08-16 12:00:00,36.75,-122,2.6144056,0.5,"El Nino",15.495832,307.392863,3.035714286
2018-08-16 12:00:00,36.75,-122,2.6144056,0.5,"El Nino",15.495832,280.0336752,4.541666667
2018-09-15 12:00:00,36.75,-122,17.7031,0.6,"El Nino",14.96125,309.2732778,5.005952381
2018-09-15 12:00:00,36.75,-122,17.7031,0.6,"El Nino",14.96125,325.113796,7.355421687
2018-09-15 12:00:00,36.75,-122,17.7031,0.6,"El Nino",14.96125,328.2230806,5.724550898
2018-09-15 12:00:00,36.75,-122,17.7031,0.6,"El Nino",14.96125,302.7586145,3.255952381
2018-09-15 12:00:00,36.75,-122,17.7031,0.6,"El Nino",14.96125,124.1808978,4.571428571
2018-10-16 12:00:00,36.75,-122,3.4047642,0.5,"El Nino",16.1525,311.9310345,4.922619048
2018-10-16 12:00:00,36.75,-122,3.4047642,0.5,"El Nino",16.1525,328.7645088,4.613095238
2018-10-16 12:00:00,36.75,-122,3.4047642,0.5,"El Nino",16.1525,331.9231329,7.419161677
2018-10-16 12:00:00,36.75,-122,3.4047642,0.5,"El Nino",16.1525,334.5028999,8.226946108
2018-11-15 12:00:00,36.75,-122,8.210272,0.3,"El Nino",15.938125,341.4192991,6.494047619
2018-11-15 12:00:00,36.75,-122,8.210272,0.3,"El Nino",15.938125,18.21481732,3.838323353
2018-11-15 12:00:00,36.75,-122,8.210272,0.3,"El Nino",15.938125,200.9826667,4.80952381
2018-11-15 12:00:00,36.75,-122,8.210272,0.3,"El Nino",15.938125,125.0502951,5.208333333
2018-12-16 12:00:00,36.75,-122,1.2429798,0.2,"El Nino",15.325625,103.535494,5.928571429
2018-12-16 12:00:00,36.75,-122,1.2429798,0.2,"El Nino",15.325625,12.66049823,5.904761905
2018-12-16 12:00:00,36.75,-122,1.2429798,0.2,"El Nino",15.325625,2.274709345,4.681547618
2018-12-16 12:00:00,36.75,-122,1.2429798,0.2,"El Nino",15.325625,328.2251629,8.5
2018-12-16 12:00:00,36.75,-122,1.2429798,0.2,"El Nino",15.325625,23.62584488,7.568862275
2019-01-16 12:00:00,36.75,-122,1.891638,0.1,"El Nino",13.56625,166.0827389,7.960119046
2019-01-16 12:00:00,36.75,-122,1.891638,0.1,"El Nino",13.56625,155.9146523,7.738095238
2019-01-16 12:00:00,36.75,-122,1.891638,0.1,"El Nino",13.56625,340.7474696,5.726190476
2019-01-16 12:00:00,36.75,-122,1.891638,0.1,"El Nino",13.56625,266.3699223,6.263473054
2019-02-14 12:00:00,36.75,-122,2.4298053,0.5,"El Nino",13.864,244.2396163,7.452380952
2019-02-14 12:00:00,36.75,-122,2.4298053,0.5,"El Nino",13.864,225.4549654,9.383233533
2019-02-14 12:00:00,36.75,-122,2.4298053,0.5,"El Nino",13.864,333.303322,8.773809524
2019-02-14 12:00:00,36.75,-122,2.4298053,0.5,"El Nino",13.864,185.4714258,6.321428571
2019-03-16 12:00:00,36.75,-122,2.0831602,0.8,"El Nino",13.619166,250.6741083,6.273809524
2019-03-16 12:00:00,36.75,-122,2.0831602,0.8,"El Nino",13.619166,334.3645081,7.535031847
2019-03-16 12:00:00,36.75,-122,2.0831602,0.8,"El Nino",13.619166,222.3633852,4.857142857
2019-03-16 12:00:00,36.75,-122,2.0831602,0.8,"El Nino",13.619166,200.1034584,5.568862275
2019-03-16 12:00:00,36.75,-122,2.0831602,0.8,"El Nino",13.619166,216.0470167,5.267857143
2019-04-15 12:00:00,36.75,-122,16.783941,0.3,"El Nino",12.991667,325.4545844,9.101190476
2019-04-15 12:00:00,36.75,-122,16.783941,0.3,"El Nino",12.991667,322.1510619,6.80952381
2019-04-15 12:00:00,36.75,-122,16.783941,0.3,"El Nino",12.991667,315.783379,6.119047619
2019-04-15 12:00:00,36.75,-122,16.783941,0.3,"El Nino",12.991667,291.8629848,4.43452381
2019-05-16 12:00:00,36.75,-122,2.3253372,0.2,"El Nino",14.552,270.8610712,2.93452381
2019-05-16 12:00:00,36.75,-122,2.3253372,0.2,"El Nino",14.552,300.5477772,6.922619048
2019-05-16 12:00:00,36.75,-122,2.3253372,0.2,"El Nino",14.552,292.759677,6.967857139
2019-05-16 12:00:00,36.75,-122,2.3253372,0.2,"El Nino",14.552,318.642758,7.568862275
2019-06-15 12:00:00,36.75,-122,10.191152,0.4,"El Nino",14.7925,315.6961113,7.375757576
2019-06-15 12:00:00,36.75,-122,10.191152,0.4,"El Nino",14.7925,297.0349093,3.851190476
2019-06-15 12:00:00,36.75,-122,10.191152,0.4,"El Nino",14.7925,234.1956156,3.744230769
2019-06-15 12:00:00,36.75,-122,10.191152,0.4,"El Nino",14.7925,321.3692084,6.633093525
2019-06-15 12:00:00,36.75,-122,10.191152,0.4,"El Nino",14.7925,323.8123048,8.583333333
2019-07-16 12:00:00,36.75,-122,3.2814205,0.3,"El Nino",14.080999,322.7587305,6.958083832
2019-07-16 12:00:00,36.75,-122,3.2814205,0.3,"El Nino",14.080999,305.7473004,5.011904762
2019-07-16 12:00:00,36.75,-122,3.2814205,0.3,"El Nino",14.080999,311.3423346,4.494047619
2019-07-16 12:00:00,36.75,-122,3.2814205,0.3,"El Nino",14.080999,320.1118964,5.767857143
2019-08-16 12:00:00,36.75,-122,8.440214,0.3,"El Nino",14.61,317.7802853,5.975757576
2019-08-16 12:00:00,36.75,-122,8.440214,0.3,"El Nino",14.61,316.7431325,5.470238095
2019-08-16 12:00:00,36.75,-122,8.440214,0.3,"El Nino",14.61,356.1193649,4.898809524
2019-09-15 12:00:00,36.75,-122,23.899885,0.2,"El Nino",15.678749,NA,NA
2019-10-16 12:00:00,36.75,-122,12.984947,0.3,"El Nino",14.97625,NA,NA
2019-11-15 12:00:00,36.75,-122,30.680662,0.5,"El Nino",14.605,327.2776304,4.08654661
2019-11-15 12:00:00,36.75,-122,30.680662,0.5,"El Nino",14.605,339.2387386,5.906051587
2019-11-15 12:00:00,36.75,-122,30.680662,0.5,"El Nino",14.605,325.352541,7.00794439
2019-12-16 12:00:00,36.75,-122,0.9884027,0.4,"El Nino",13.431999,134.9555052,9.49652433
2019-12-16 12:00:00,36.75,-122,0.9884027,0.4,"El Nino",13.431999,295.2095894,4.246726191
2019-12-16 12:00:00,36.75,-122,0.9884027,0.4,"El Nino",13.431999,77.59045505,5.995129225
2019-12-16 12:00:00,36.75,-122,0.9884027,0.4,"El Nino",13.431999,337.9989646,7.73531746
2019-12-16 12:00:00,36.75,-122,0.9884027,0.4,"El Nino",13.431999,350.7683189,6.352333664
2020-01-16 12:00:00,36.75,-122,0.9410438,0.3,"El Nino",13.192001,336.896078,6.661370407
2020-01-16 12:00:00,36.75,-122,0.9410438,0.3,"El Nino",13.192001,345.7384545,5.461507938
2020-01-16 12:00:00,36.75,-122,0.9410438,0.3,"El Nino",13.192001,61.41456635,4.605753968
2020-01-16 12:00:00,36.75,-122,0.9410438,0.3,"El Nino",13.192001,325.1368295,5.518881119
2020-02-15,36.75,-122,2.4669378,0.3,"El Nino",12.744736,336.1094923,8.250149552
2020-02-15,36.75,-122,2.4669378,0.3,"El Nino",12.744736,333.8729815,4.813731343
2020-02-15,36.75,-122,2.4669378,0.3,"El Nino",12.744736,331.2831076,6.273809524
2020-02-15,36.75,-122,2.4669378,0.3,"El Nino",12.744736,330.0216548,6.490873016
2020-03-16 12:00:00,36.75,-122,2.217648,0.1,"El Nino",13.597307,287.8873821,5.85297619
2020-03-16 12:00:00,36.75,-122,2.217648,0.1,"El Nino",13.597307,275.8726127,4.630555556
2020-03-16 12:00:00,36.75,-122,2.217648,0.1,"El Nino",13.597307,201.3925334,3.641369048
2020-03-16 12:00:00,36.75,-122,2.217648,0.1,"El Nino",13.597307,300.1055714,5.046356917
2020-03-16 12:00:00,36.75,-122,2.217648,0.1,"El Nino",13.597307,312.2802944,7.731746032
2020-04-15 12:00:00,36.75,-122,3.8763542,-0.1,"La Nina",13.29,287.0257971,4.863157895
2020-04-15 12:00:00,36.75,-122,3.8763542,-0.1,"La Nina",13.29,297.891043,4.42224429
2020-04-15 12:00:00,36.75,-122,3.8763542,-0.1,"La Nina",13.29,312.2264349,7.608946322
2020-04-15 12:00:00,36.75,-122,3.8763542,-0.1,"La Nina",13.29,325.363698,8.48968254
2020-05-16 12:00:00,36.75,-122,8.247176,-0.2,"La Nina",13.084209,324.319949,8.164647468
2020-05-16 12:00:00,36.75,-122,8.247176,-0.2,"La Nina",13.084209,263.2992811,4.672619048
2020-05-16 12:00:00,36.75,-122,8.247176,-0.2,"La Nina",13.084209,298.9419886,7.129166666
2020-05-16 12:00:00,36.75,-122,8.247176,-0.2,"La Nina",13.084209,307.8338593,5.968452381
2020-05-16 12:00:00,36.75,-122,8.247176,-0.2,"La Nina",13.084209,317.0066986,5.83654419
2020-06-15 12:00:00,36.75,-122,5.8538423,-0.7,"La Nina",13.613124,322.274659,8.066865079
2020-06-15 12:00:00,36.75,-122,5.8538423,-0.7,"La Nina",13.613124,307.9612843,5.996031746
2020-06-15 12:00:00,36.75,-122,5.8538423,-0.7,"La Nina",13.613124,261.683719,3.498015873
2020-06-15 12:00:00,36.75,-122,5.8538423,-0.7,"La Nina",13.613124,293.2392687,4.78422619
2020-07-16 12:00:00,36.75,-122,8.3790245,-0.9,"La Nina",14.702778,321.151073,8.859313077
2020-07-16 12:00:00,36.75,-122,8.3790245,-0.9,"La Nina",14.702778,206.9039768,4.524702381
2020-07-16 12:00:00,36.75,-122,8.3790245,-0.9,"La Nina",14.702778,285.9263893,3.938492063
2020-07-16 12:00:00,36.75,-122,8.3790245,-0.9,"La Nina",14.702778,304.8660232,4.843678161
2020-09-15 12:00:00,36.75,-122,34.65611,-1.1,"La Nina",15.686563,321.1406092,4.662996032
2020-09-15 12:00:00,36.75,-122,34.65611,-1.1,"La Nina",15.686563,324.4143075,4.481944444
2020-09-15 12:00:00,36.75,-122,34.65611,-1.1,"La Nina",15.686563,326.6132986,6.348313492
2020-09-15 12:00:00,36.75,-122,34.65611,-1.1,"La Nina",15.686563,318.0304991,5.05960199
2020-10-16 12:00:00,36.75,-122,11.407769,-1.2,"La Nina",15.662499,332.9876235,5.075396825
2020-10-16 12:00:00,36.75,-122,11.407769,-1.2,"La Nina",15.662499,333.5869653,5.590674603
2020-10-16 12:00:00,36.75,-122,11.407769,-1.2,"La Nina",15.662499,334.2771877,2.951878172
2020-10-16 12:00:00,36.75,-122,11.407769,-1.2,"La Nina",15.662499,324.5204316,4.072718255
2020-11-15 12:00:00,36.75,-122,18.640488,-1.1,"La Nina",13.441956,326.0842402,7.184098544
2020-11-15 12:00:00,36.75,-122,18.640488,-1.1,"La Nina",13.441956,336.4595865,5.690963256
2020-11-15 12:00:00,36.75,-122,18.640488,-1.1,"La Nina",13.441956,358.9643984,5.282043651
2020-11-15 12:00:00,36.75,-122,18.640488,-1.1,"La Nina",13.441956,342.0228686,6.515789474
2020-11-15 12:00:00,36.75,-122,18.640488,-1.1,"La Nina",13.441956,336.8312542,4.957837301
2020-12-16 12:00:00,36.75,-122,15.906579,-1.1,"La Nina",12.197352,340.0486829,5.168055556
2020-12-16 12:00:00,36.75,-122,15.906579,-1.1,"La Nina",12.197352,340.0024389,5.746825397
2020-12-16 12:00:00,36.75,-122,15.906579,-1.1,"La Nina",12.197352,17.16101987,5.527380952
2020-12-16 12:00:00,36.75,-122,15.906579,-1.1,"La Nina",12.197352,351.8299301,5.82906746
2021-01-16 12:00:00,36.75,-122,3.0317054,-1.2,"La Nina",12.280769,355.636176,4.424206349
2021-01-16 12:00:00,36.75,-122,3.0317054,-1.2,"La Nina",12.280769,343.5875491,4.886805556
2021-01-16 12:00:00,36.75,-122,3.0317054,-1.2,"La Nina",12.280769,337.0834535,6.130059524
2021-01-16 12:00:00,36.75,-122,3.0317054,-1.2,"La Nina",12.280769,262.3203461,8.0183714
2021-01-16 12:00:00,36.75,-122,3.0317054,-1.2,"La Nina",12.280769,359.9794838,6.013888889
2021-02-14 12:00:00,36.75,-122,11.56496,-1,"La Nina",11.961471,322.8254515,5.947420635
2021-02-14 12:00:00,36.75,-122,11.56496,-1,"La Nina",11.961471,324.6007008,7.412687312
2021-02-14 12:00:00,36.75,-122,11.56496,-1,"La Nina",11.961471,337.3842694,9.536047666
2021-02-14 12:00:00,36.75,-122,11.56496,-1,"La Nina",11.961471,94.4531742,4.597857143
2021-03-16 12:00:00,36.75,-122,6.4719954,-0.8,"La Nina",11.57075,282.2788999,6.508905851
2021-03-16 12:00:00,36.75,-122,6.4719954,-0.8,"La Nina",11.57075,311.5899459,6.686438355
2021-03-16 12:00:00,36.75,-122,6.4719954,-0.8,"La Nina",11.57075,327.1685213,9.097713718
2021-03-16 12:00:00,36.75,-122,6.4719954,-0.8,"La Nina",11.57075,328.5191204,5.326834171
2021-04-15 12:00:00,36.75,-122,26.459324,-0.9,"La Nina",11.60147,326.5647445,8.572619048
2021-04-15 12:00:00,36.75,-122,26.459324,-0.9,"La Nina",11.60147,311.7284991,6.652532275
2021-04-15 12:00:00,36.75,-122,26.459324,-0.9,"La Nina",11.60147,311.2672208,6.752047952
2021-04-15 12:00:00,36.75,-122,26.459324,-0.9,"La Nina",11.60147,317.0312685,7.061890548
2021-05-16 12:00:00,36.75,-122,4.33448,-1.1,"La Nina",11.39159,325.2605444,10.12093254
2021-05-16 12:00:00,36.75,-122,4.33448,-1.1,"La Nina",11.39159,300.4735934,5.776200418
2021-05-16 12:00:00,36.75,-122,4.33448,-1.1,"La Nina",11.39159,308.4820864,7.34890873
2021-05-16 12:00:00,36.75,-122,4.33448,-1.1,"La Nina",11.39159,322.3845595,8.102681232
2021-05-16 12:00:00,36.75,-122,4.33448,-1.1,"La Nina",11.39159,308.8203616,5.159623016
2021-06-15 12:00:00,36.75,-122,7.0876503,-1,"La Nina",13.597059,316.5933794,6.238690477
2021-06-15 12:00:00,36.75,-122,7.0876503,-1,"La Nina",13.597059,316.288251,6.97906746
2021-06-15 12:00:00,36.75,-122,7.0876503,-1,"La Nina",13.597059,190.1407739,4.4
2021-06-15 12:00:00,36.75,-122,7.0876503,-1,"La Nina",13.597059,318.0194798,6.537040715
2021-07-16 12:00:00,36.75,-122,3.0225399,-1.4,"La Nina",13.783,315.361638,6.205357143
2021-07-16 12:00:00,36.75,-122,3.0225399,-1.4,"La Nina",13.783,317.6872933,6.181529294
2021-07-16 12:00:00,36.75,-122,3.0225399,-1.4,"La Nina",13.783,315.0269444,5.687686197
2021-07-16 12:00:00,36.75,-122,3.0225399,-1.4,"La Nina",13.783,227.2258837,2.234393638
2021-08-16 12:00:00,36.75,-122,6.546787,-1.3,"La Nina",16.547916,309.2507407,5.6816286
2021-08-16 12:00:00,36.75,-122,6.546787,-1.3,"La Nina",16.547916,289.617734,3.887785501
2021-08-16 12:00:00,36.75,-122,6.546787,-1.3,"La Nina",16.547916,273.9690109,4.835218254
2021-08-16 12:00:00,36.75,-122,6.546787,-1.3,"La Nina",16.547916,283.937562,3.929861111
2021-08-16 12:00:00,36.75,-122,6.546787,-1.3,"La Nina",16.547916,287.8971248,3.215575397
2021-09-15 12:00:00,36.75,-122,7.707869,-1.4,"La Nina",15.96625,321.6400573,6.674603175
2021-09-15 12:00:00,36.75,-122,7.707869,-1.4,"La Nina",15.96625,261.8472684,3.919642857
2021-09-15 12:00:00,36.75,-122,7.707869,-1.4,"La Nina",15.96625,305.2003236,3.62959285
2021-09-15 12:00:00,36.75,-122,7.707869,-1.4,"La Nina",15.96625,326.3184648,6.285019841
2021-10-16 12:00:00,36.75,-122,3.4263945,-1.5,"La Nina",14.398158,320.0078154,4.83694141
2021-10-16 12:00:00,36.75,-122,3.4263945,-1.5,"La Nina",14.398158,337.4129573,7.385898709
2021-10-16 12:00:00,36.75,-122,3.4263945,-1.5,"La Nina",14.398158,190.0407387,5.215674604
2021-10-16 12:00:00,36.75,-122,3.4263945,-1.5,"La Nina",14.398158,300.7718068,5.686196624
2021-10-16 12:00:00,36.75,-122,3.4263945,-1.5,"La Nina",14.398158,331.6099218,5.166765873
2021-11-15 12:00:00,36.75,-122,7.435782,-1.4,"La Nina",14.416389,339.7770459,6.810416666
2021-11-15 12:00:00,36.75,-122,7.435782,-1.4,"La Nina",14.416389,339.7817945,4.114880952
2021-11-15 12:00:00,36.75,-122,7.435782,-1.4,"La Nina",14.416389,8.988517275,5.003968254
2021-11-15 12:00:00,36.75,-122,7.435782,-1.4,"La Nina",14.416389,345.2211865,3.976939204
2021-12-16 12:00:00,36.75,-122,1.0363748,-1.2,"La Nina",13.098751,344.5366243,6.517162698
2021-12-16 12:00:00,36.75,-122,1.0363748,-1.2,"La Nina",13.098751,196.3083441,6.940773809
2021-12-16 12:00:00,36.75,-122,1.0363748,-1.2,"La Nina",13.098751,164.6986498,6.316170635
2021-12-16 12:00:00,36.75,-122,1.0363748,-1.2,"La Nina",13.098751,309.9616254,6.994035785
2022-01-16 12:00:00,36.75,-122,1.3254904,-1,"La Nina",13.193095,328.3168333,4.724726911
2022-01-16 12:00:00,36.75,-122,1.3254904,-1,"La Nina",13.193095,35.0811534,4.91857001
2022-01-16 12:00:00,36.75,-122,1.3254904,-1,"La Nina",13.193095,7.868803759,4.119761668
2022-01-16 12:00:00,36.75,-122,1.3254904,-1,"La Nina",13.193095,10.46521344,4.291964286
2022-01-16 12:00:00,36.75,-122,1.3254904,-1,"La Nina",13.193095,351.0992536,7.020953327
2022-02-14 12:00:00,36.75,-122,9.923646,-1,"La Nina",12.7858715,349.3786967,4.316051845
2022-02-14 12:00:00,36.75,-122,9.923646,-1,"La Nina",12.7858715,338.2001357,6.066666667
2022-02-14 12:00:00,36.75,-122,9.923646,-1,"La Nina",12.7858715,339.1811786,7.425297619
2022-02-14 12:00:00,36.75,-122,9.923646,-1,"La Nina",12.7858715,333.7035671,6.460218254
2022-03-16 12:00:00,36.75,-122,11.9681635,-1.3,"La Nina",11.6735,331.8146613,6.570506454
2022-03-16 12:00:00,36.75,-122,11.9681635,-1.3,"La Nina",11.6735,333.1248677,5.460873884
2022-03-16 12:00:00,36.75,-122,11.9681635,-1.3,"La Nina",11.6735,329.6228577,9.128472222
2022-03-16 12:00:00,36.75,-122,11.9681635,-1.3,"La Nina",11.6735,325.5705551,8.148809522
2022-04-15 12:00:00,36.75,-122,19.033106,-1.6,"La Nina",11.384999,336.2225632,8.72591857
2022-04-15 12:00:00,36.75,-122,19.033106,-1.6,"La Nina",11.384999,311.7098053,7.829861111
2022-04-15 12:00:00,36.75,-122,19.033106,-1.6,"La Nina",11.384999,293.113107,5.690367428
2022-04-15 12:00:00,36.75,-122,19.033106,-1.6,"La Nina",11.384999,327.8447994,9.23968254
2022-05-16 12:00:00,36.75,-122,2.0168054,-1.6,"La Nina",11.182617,327.095304,7.13015873
2022-05-16 12:00:00,36.75,-122,2.0168054,-1.6,"La Nina",11.182617,326.8062806,7.925694445
2022-05-16 12:00:00,36.75,-122,2.0168054,-1.6,"La Nina",11.182617,325.3379489,8.963789683
2022-05-16 12:00:00,36.75,-122,2.0168054,-1.6,"La Nina",11.182617,289.8034558,5.539781746
2022-05-16 12:00:00,36.75,-122,2.0168054,-1.6,"La Nina",11.182617,322.2473982,8.06199005
2022-06-15 12:00:00,36.75,-122,3.0405738,-1.9,"La Nina",12.485833,321.7083963,7.372591857
2022-06-15 12:00:00,36.75,-122,3.0405738,-1.9,"La Nina",12.485833,316.1984039,7.925944333
2022-06-15 12:00:00,36.75,-122,3.0405738,-1.9,"La Nina",12.485833,319.7526003,5.025948104
2022-06-15 12:00:00,36.75,-122,3.0405738,-1.9,"La Nina",12.485833,325.2327637,7.002579364
2022-07-16 12:00:00,36.75,-122,1.7473142,-2.2,"La Nina",14.375626,311.8664458,4.673752495
2022-07-16 12:00:00,36.75,-122,1.7473142,-2.2,"La Nina",14.375626,317.253074,6.496428572
2022-07-16 12:00:00,36.75,-122,1.7473142,-2.2,"La Nina",14.375626,327.3729757,8.589672294
2022-07-16 12:00:00,36.75,-122,1.7473142,-2.2,"La Nina",14.375626,317.9249442,4.197912525
2022-07-16 12:00:00,36.75,-122,1.7473142,-2.2,"La Nina",14.375626,313.0475963,4.186111111
2022-08-16 12:00:00,36.75,-122,4.2955637,-1.7,"La Nina",15.964285,327.2166219,5.958689176
2022-08-16 12:00:00,36.75,-122,4.2955637,-1.7,"La Nina",15.964285,322.9258556,5.784095428
2022-08-16 12:00:00,36.75,-122,4.2955637,-1.7,"La Nina",15.964285,327.1412663,4.461507937
2022-08-16 12:00:00,36.75,-122,4.2955637,-1.7,"La Nina",15.964285,312.6928295,5.72420635
2022-09-15 12:00:00,36.75,-122,2.842701,-1.7,"La Nina",15.625,317.0026533,4.352532274
2022-09-15 12:00:00,36.75,-122,2.842701,-1.7,"La Nina",15.625,322.0859922,5.283515393
2022-09-15 12:00:00,36.75,-122,2.842701,-1.7,"La Nina",15.625,116.9660412,5.740714995
2022-09-15 12:00:00,36.75,-122,2.842701,-1.7,"La Nina",15.625,323.7393262,5.771825397
2022-10-16 12:00:00,36.75,-122,1.5377169,-1.7,"La Nina",15.050498,322.3488451,5.758093346
2022-10-16 12:00:00,36.75,-122,1.5377169,-1.7,"La Nina",15.050498,330.7238993,4.186210318
2022-10-16 12:00:00,36.75,-122,1.5377169,-1.7,"La Nina",15.050498,327.3739727,4.432803181
2022-10-16 12:00:00,36.75,-122,1.5377169,-1.7,"La Nina",15.050498,333.8648579,7.208730159
2022-10-16 12:00:00,36.75,-122,1.5377169,-1.7,"La Nina",15.050498,329.1932726,5.424305556
2022-11-15 12:00:00,36.75,-122,1.6954663,-1.5,"La Nina",12.719048,309.3037827,4.941369048
2022-11-15 12:00:00,36.75,-122,1.6954663,-1.5,"La Nina",12.719048,353.8112898,5.516170635
2022-11-15 12:00:00,36.75,-122,1.6954663,-1.5,"La Nina",12.719048,27.38656105,4.562698412
2022-11-15 12:00:00,36.75,-122,1.6954663,-1.5,"La Nina",12.719048,349.1069478,5.774379345
2022-12-16 12:00:00,36.75,-122,1.0167081,-1.3,"La Nina",12.214999,158.5890368,4.296924603
2022-12-16 12:00:00,36.75,-122,1.0167081,-1.3,"La Nina",12.214999,26.72923689,5.081032771
2022-12-16 12:00:00,36.75,-122,1.0167081,-1.3,"La Nina",12.214999,9.724484918,3.322862823
2022-12-16 12:00:00,36.75,-122,1.0167081,-1.3,"La Nina",12.214999,200.4003082,5.469146825
2023-01-16 12:00:00,36.75,-122,2.116524,-1.1,"La Nina",12.916072,172.5604594,9.150943396
2023-01-16 12:00:00,36.75,-122,2.116524,-1.1,"La Nina",12.916072,174.966903,9.47718254
2023-01-16 12:00:00,36.75,-122,2.116524,-1.1,"La Nina",12.916072,325.7040597,6.902085402
2023-01-16 12:00:00,36.75,-122,2.116524,-1.1,"La Nina",12.916072,3.770292602,5.925396825
2023-01-16 12:00:00,36.75,-122,2.116524,-1.1,"La Nina",12.916072,70.28391187,5.718073486
2023-02-14 12:00:00,36.75,-122,3.1375375,-0.9,"La Nina",12.253749,331.1879962,6.599106256
2023-02-14 12:00:00,36.75,-122,3.1375375,-0.9,"La Nina",12.253749,2.611846056,7.580952383
2023-02-14 12:00:00,36.75,-122,3.1375375,-0.9,"La Nina",12.253749,330.9559606,6.499206349
2023-02-14 12:00:00,36.75,-122,3.1375375,-0.9,"La Nina",12.253749,294.608754,7.756107249
2023-03-16 12:00:00,36.75,-122,1.0969727,-0.8,"La Nina",11.58625,217.6320717,5.291559086
2023-03-16 12:00:00,36.75,-122,1.0969727,-0.8,"La Nina",11.58625,256.5949247,6.823412698
2023-03-16 12:00:00,36.75,-122,1.0969727,-0.8,"La Nina",11.58625,299.0254883,8.657398213
2023-03-16 12:00:00,36.75,-122,1.0969727,-0.8,"La Nina",11.58625,302.9854189,6.401884921
2023-04-15 12:00:00,36.75,-122,8.102544,-0.4,"La Nina",10.798666,326.3454538,7.628075397
2023-04-15 12:00:00,36.75,-122,8.102544,-0.4,"La Nina",10.798666,328.614007,8.034756703
2023-04-15 12:00:00,36.75,-122,8.102544,-0.4,"La Nina",10.798666,326.7411504,8.131944444
2023-04-15 12:00:00,36.75,-122,8.102544,-0.4,"La Nina",10.798666,316.0941892,5.302184707
2023-04-15 12:00:00,36.75,-122,8.102544,-0.4,"La Nina",10.798666,274.452698,5.634156821
2023-05-16 12:00:00,36.75,-122,0.57237524,-0.1,"La Nina",13.050417,315.6096312,5.971896723
2023-05-16 12:00:00,36.75,-122,0.57237524,-0.1,"La Nina",13.050417,316.6845017,6.999404762
2023-05-16 12:00:00,36.75,-122,0.57237524,-0.1,"La Nina",13.050417,293.4631367,4.458134921
2023-05-16 12:00:00,36.75,-122,0.57237524,-0.1,"La Nina",13.050417,307.6060908,5.596428572
2023-06-15 12:00:00,36.75,-122,2.689702,0.4,"El Nino",14.081249,267.9736937,3.980079681
2023-06-15 12:00:00,36.75,-122,2.689702,0.4,"El Nino",14.081249,235.2764518,2.843353174
2023-06-15 12:00:00,36.75,-122,2.689702,0.4,"El Nino",14.081249,313.4846364,7.30695134
2023-06-15 12:00:00,36.75,-122,2.689702,0.4,"El Nino",14.081249,320.7568764,7.28015873
2023-07-16 12:00:00,36.75,-122,11.090045,0.5,"El Nino",13.943571,268.2217015,3.721428571
2023-07-16 12:00:00,36.75,-122,11.090045,0.5,"El Nino",13.943571,326.8157529,8.131578944
2023-07-16 12:00:00,36.75,-122,11.090045,0.5,"El Nino",13.943571,316.7072263,6.155555554
2023-07-16 12:00:00,36.75,-122,11.090045,0.5,"El Nino",13.943571,318.2991006,7.45183714
2023-07-16 12:00:00,36.75,-122,11.090045,0.5,"El Nino",13.943571,320.7796473,6.622123016
2023-08-16 12:00:00,36.75,-122,0.9611956,0.5,"El Nino",15.978749,299.5622165,3.904662698
2023-08-16 12:00:00,36.75,-122,0.9611956,0.5,"El Nino",15.978749,266.8454409,1.972266401
2023-08-16 12:00:00,36.75,-122,0.9611956,0.5,"El Nino",15.978749,294.3323404,4.939583333
2023-08-16 12:00:00,36.75,-122,0.9611956,0.5,"El Nino",15.978749,322.2950704,7.00944334
2023-09-15 12:00:00,36.75,-122,0.77073246,0.7,"El Nino",16.615356,309.4820833,4.337313433
2023-09-15 12:00:00,36.75,-122,0.77073246,0.7,"El Nino",16.615356,315.3840695,5.383316783
2023-09-15 12:00:00,36.75,-122,0.77073246,0.7,"El Nino",16.615356,264.3629064,2.677644711
2023-09-15 12:00:00,36.75,-122,0.77073246,0.7,"El Nino",16.615356,320.5463998,6.129224652
2023-10-16 12:00:00,36.75,-122,1.5010917,0.5,"El Nino",16.058529,341.8692409,3.7027833
2023-10-16 12:00:00,36.75,-122,1.5010917,0.5,"El Nino",16.058529,318.4258261,5.169338677
2023-10-16 12:00:00,36.75,-122,1.5010917,0.5,"El Nino",16.058529,332.2795641,4.537462537
2023-10-16 12:00:00,36.75,-122,1.5010917,0.5,"El Nino",16.058529,324.0124802,6.700707786
2023-10-16 12:00:00,36.75,-122,1.5010917,0.5,"El Nino",16.058529,351.0645274,4.554108216
2023-11-15 12:00:00,36.75,-122,8.906906,0.9,"El Nino",14.456249,330.5780489,4.62037962
2023-11-15 12:00:00,36.75,-122,8.906906,0.9,"El Nino",14.456249,141.7825511,6.78742515
2023-11-15 12:00:00,36.75,-122,8.906906,0.9,"El Nino",14.456249,355.5256428,6.273224044
2023-12-16 12:00:00,36.75,-122,2.1295927,1.1,"El Nino",14.57,NA,NA
2024-01-16 12:00:00,36.75,-122,2.1547387,0.7,"El Nino",13.944091,NA,NA
2024-02-15,36.75,-122,5.486874,0.7,"El Nino",NA,NA,NA
